solid Uranium STLWriter Tue 10 Mar 2026 21:20:12
facet normal 0.0 0.0 0.0
  outer loop
    vertex 8.48527717590332 -15.694771766662598 0.8534285426139832
    vertex 8.48527717590332 -15.694771766662598 4.9068427085876465
    vertex 8.065635681152344 -15.639552116394043 0.8534285426139832
  endloop
endfacet
facet normal 0.0 0.0 0.0
  outer loop
    vertex 8.065635681152344 -15.639552116394043 0.8534285426139832
    vertex 8.48527717590332 -15.694771766662598 4.9068427085876465
    vertex 8.065635681152344 -15.639552116394043 4.9068427085876465
  endloop
endfacet
facet normal 0.0 0.0 0.0
  outer loop
    vertex 8.065635681152344 -15.639552116394043 0.8534285426139832
    vertex 8.065635681152344 -15.639552116394043 4.9068427085876465
    vertex 7.645999908447266 -15.694771766662598 0.8534285426139832
  endloop
endfacet
facet normal 0.0 0.0 0.0
  outer loop
    vertex 7.645999908447266 -15.694771766662598 0.8534285426139832
    vertex 8.065635681152344 -15.639552116394043 4.9068427085876465
    vertex 7.645999908447266 -15.694771766662598 4.9068427085876465
  endloop
endfacet
facet normal 0.0 0.0 0.0
  outer loop
    vertex 7.645999908447266 -15.694771766662598 0.8534285426139832
    vertex 7.645999908447266 -15.694771766662598 4.9068427085876465
    vertex 7.254953384399414 -15.856749534606934 0.8534285426139832
  endloop
endfacet
facet normal 0.0 0.0 0.0
  outer loop
    vertex 7.254953384399414 -15.856749534606934 0.8534285426139832
    vertex 7.645999908447266 -15.694771766662598 4.9068427085876465
    vertex 7.254953384399414 -15.856749534606934 4.9068427085876465
  endloop
endfacet
facet normal 0.0 0.0 0.0
  outer loop
    vertex 7.254953384399414 -15.856749534606934 0.8534285426139832
    vertex 7.254953384399414 -15.856749534606934 4.9068427085876465
    vertex 6.919160842895508 -16.114444732666016 0.8534285426139832
  endloop
endfacet
facet normal 0.0 0.0 0.0
  outer loop
    vertex 6.919160842895508 -16.114444732666016 0.8534285426139832
    vertex 7.254953384399414 -15.856749534606934 4.9068427085876465
    vertex 6.919160842895508 -16.114444732666016 4.9068427085876465
  endloop
endfacet
facet normal 0.0 0.0 0.0
  outer loop
    vertex 6.919160842895508 -16.114444732666016 0.8534285426139832
    vertex 6.919160842895508 -16.114444732666016 4.9068427085876465
    vertex 6.661493301391602 -16.450233459472656 0.8534285426139832
  endloop
endfacet
facet normal 0.0 0.0 0.0
  outer loop
    vertex 6.661493301391602 -16.450233459472656 0.8534285426139832
    vertex 6.919160842895508 -16.114444732666016 4.9068427085876465
    vertex 6.661493301391602 -16.450233459472656 4.9068427085876465
  endloop
endfacet
facet normal 0.0 0.0 0.0
  outer loop
    vertex 6.661493301391602 -16.450233459472656 0.8534285426139832
    vertex 6.661493301391602 -16.450233459472656 4.9068427085876465
    vertex 6.4995198249816895 -16.84124755859375 0.8534285426139832
  endloop
endfacet
facet normal 0.0 0.0 0.0
  outer loop
    vertex 6.4995198249816895 -16.84124755859375 0.8534285426139832
    vertex 6.661493301391602 -16.450233459472656 4.9068427085876465
    vertex 6.4995198249816895 -16.84124755859375 4.9068427085876465
  endloop
endfacet
facet normal 0.0 0.0 0.0
  outer loop
    vertex 6.4995198249816895 -16.84124755859375 0.8534285426139832
    vertex 6.4995198249816895 -16.84124755859375 4.9068427085876465
    vertex 6.444270610809326 -17.26091766357422 0.8534285426139832
  endloop
endfacet
facet normal 0.0 0.0 0.0
  outer loop
    vertex 6.444270610809326 -17.26091766357422 0.8534285426139832
    vertex 6.4995198249816895 -16.84124755859375 4.9068427085876465
    vertex 6.444270610809326 -17.26091766357422 4.9068427085876465
  endloop
endfacet
facet normal 0.0 0.0 0.0
  outer loop
    vertex 6.444270610809326 -17.26091766357422 0.8534285426139832
    vertex 6.444270610809326 -17.26091766357422 4.9068427085876465
    vertex 6.4995198249816895 -17.68054962158203 0.8534285426139832
  endloop
endfacet
facet normal 0.0 0.0 0.0
  outer loop
    vertex 6.4995198249816895 -17.68054962158203 0.8534285426139832
    vertex 6.444270610809326 -17.26091766357422 4.9068427085876465
    vertex 6.4995198249816895 -17.68054962158203 4.9068427085876465
  endloop
endfacet
facet normal 0.0 0.0 0.0
  outer loop
    vertex 6.4995198249816895 -17.68054962158203 0.8534285426139832
    vertex 6.4995198249816895 -17.68054962158203 4.9068427085876465
    vertex 6.661493301391602 -18.07160186767578 0.8534285426139832
  endloop
endfacet
facet normal 0.0 0.0 0.0
  outer loop
    vertex 6.661493301391602 -18.07160186767578 0.8534285426139832
    vertex 6.4995198249816895 -17.68054962158203 4.9068427085876465
    vertex 6.661493301391602 -18.07160186767578 4.9068427085876465
  endloop
endfacet
facet normal 0.0 0.0 0.0
  outer loop
    vertex 6.661493301391602 -18.07160186767578 0.8534285426139832
    vertex 6.661493301391602 -18.07160186767578 4.9068427085876465
    vertex 6.919160842895508 -18.407394409179688 0.8534285426139832
  endloop
endfacet
facet normal 0.0 0.0 0.0
  outer loop
    vertex 6.919160842895508 -18.407394409179688 0.8534285426139832
    vertex 6.661493301391602 -18.07160186767578 4.9068427085876465
    vertex 6.919160842895508 -18.407394409179688 4.9068427085876465
  endloop
endfacet
facet normal 0.0 0.0 0.0
  outer loop
    vertex 6.919160842895508 -18.407394409179688 0.8534285426139832
    vertex 6.919160842895508 -18.407394409179688 4.9068427085876465
    vertex 7.254953384399414 -18.66504669189453 0.8534285426139832
  endloop
endfacet
facet normal 0.0 0.0 0.0
  outer loop
    vertex 7.254953384399414 -18.66504669189453 0.8534285426139832
    vertex 6.919160842895508 -18.407394409179688 4.9068427085876465
    vertex 7.254953384399414 -18.66504669189453 4.9068427085876465
  endloop
endfacet
facet normal 0.0 0.0 0.0
  outer loop
    vertex 7.254953384399414 -18.66504669189453 0.8534285426139832
    vertex 7.254953384399414 -18.66504669189453 4.9068427085876465
    vertex 7.645999908447266 -18.8270263671875 0.8534285426139832
  endloop
endfacet
facet normal 0.0 0.0 0.0
  outer loop
    vertex 7.645999908447266 -18.8270263671875 0.8534285426139832
    vertex 7.254953384399414 -18.66504669189453 4.9068427085876465
    vertex 7.645999908447266 -18.8270263671875 4.9068427085876465
  endloop
endfacet
facet normal 0.0 0.0 0.0
  outer loop
    vertex 7.645999908447266 -18.8270263671875 0.8534285426139832
    vertex 7.645999908447266 -18.8270263671875 4.9068427085876465
    vertex 8.065635681152344 -18.882286071777344 0.8534285426139832
  endloop
endfacet
facet normal 0.0 0.0 0.0
  outer loop
    vertex 8.065635681152344 -18.882286071777344 0.8534285426139832
    vertex 7.645999908447266 -18.8270263671875 4.9068427085876465
    vertex 8.065635681152344 -18.882286071777344 4.9068427085876465
  endloop
endfacet
facet normal 0.0 0.0 0.0
  outer loop
    vertex 8.065635681152344 -18.882286071777344 0.8534285426139832
    vertex 8.065635681152344 -18.882286071777344 4.9068427085876465
    vertex 8.48527717590332 -18.8270263671875 0.8534285426139832
  endloop
endfacet
facet normal 0.0 0.0 0.0
  outer loop
    vertex 8.48527717590332 -18.8270263671875 0.8534285426139832
    vertex 8.065635681152344 -18.882286071777344 4.9068427085876465
    vertex 8.48527717590332 -18.8270263671875 4.9068427085876465
  endloop
endfacet
facet normal 0.0 0.0 0.0
  outer loop
    vertex 8.48527717590332 -18.8270263671875 0.8534285426139832
    vertex 8.48527717590332 -18.8270263671875 4.9068427085876465
    vertex 8.87631893157959 -18.66504669189453 0.8534285426139832
  endloop
endfacet
facet normal 0.0 0.0 0.0
  outer loop
    vertex 8.87631893157959 -18.66504669189453 0.8534285426139832
    vertex 8.48527717590332 -18.8270263671875 4.9068427085876465
    vertex 8.87631893157959 -18.66504669189453 4.9068427085876465
  endloop
endfacet
facet normal 0.0 0.0 0.0
  outer loop
    vertex 8.87631893157959 -18.66504669189453 0.8534285426139832
    vertex 8.87631893157959 -18.66504669189453 4.9068427085876465
    vertex 9.212116241455078 -18.407394409179688 0.8534285426139832
  endloop
endfacet
facet normal 0.0 0.0 0.0
  outer loop
    vertex 9.212116241455078 -18.407394409179688 0.8534285426139832
    vertex 8.87631893157959 -18.66504669189453 4.9068427085876465
    vertex 9.212116241455078 -18.407394409179688 4.9068427085876465
  endloop
endfacet
facet normal 0.0 0.0 0.0
  outer loop
    vertex 9.212116241455078 -18.407394409179688 0.8534285426139832
    vertex 9.212116241455078 -18.407394409179688 4.9068427085876465
    vertex 9.469783782958984 -18.07160186767578 0.8534285426139832
  endloop
endfacet
facet normal 0.0 0.0 0.0
  outer loop
    vertex 9.469783782958984 -18.07160186767578 0.8534285426139832
    vertex 9.212116241455078 -18.407394409179688 4.9068427085876465
    vertex 9.469783782958984 -18.07160186767578 4.9068427085876465
  endloop
endfacet
facet normal 0.0 0.0 0.0
  outer loop
    vertex 9.469783782958984 -18.07160186767578 0.8534285426139832
    vertex 9.469783782958984 -18.07160186767578 4.9068427085876465
    vertex 9.631756782531738 -17.68054962158203 0.8534285426139832
  endloop
endfacet
facet normal 0.0 0.0 0.0
  outer loop
    vertex 9.631756782531738 -17.68054962158203 0.8534285426139832
    vertex 9.469783782958984 -18.07160186767578 4.9068427085876465
    vertex 9.631756782531738 -17.68054962158203 4.9068427085876465
  endloop
endfacet
facet normal 0.0 0.0 0.0
  outer loop
    vertex 9.631756782531738 -17.68054962158203 0.8534285426139832
    vertex 9.631756782531738 -17.68054962158203 4.9068427085876465
    vertex 9.68700122833252 -17.26091766357422 0.8534285426139832
  endloop
endfacet
facet normal 0.0 0.0 0.0
  outer loop
    vertex 9.68700122833252 -17.26091766357422 0.8534285426139832
    vertex 9.631756782531738 -17.68054962158203 4.9068427085876465
    vertex 9.68700122833252 -17.26091766357422 4.9068427085876465
  endloop
endfacet
facet normal 0.0 0.0 0.0
  outer loop
    vertex 9.68700122833252 -17.26091766357422 0.8534285426139832
    vertex 9.68700122833252 -17.26091766357422 4.9068427085876465
    vertex 9.631756782531738 -16.84124755859375 0.8534285426139832
  endloop
endfacet
facet normal 0.0 0.0 0.0
  outer loop
    vertex 9.631756782531738 -16.84124755859375 0.8534285426139832
    vertex 9.68700122833252 -17.26091766357422 4.9068427085876465
    vertex 9.631756782531738 -16.84124755859375 4.9068427085876465
  endloop
endfacet
facet normal 0.0 0.0 0.0
  outer loop
    vertex 9.631756782531738 -16.84124755859375 0.8534285426139832
    vertex 9.631756782531738 -16.84124755859375 4.9068427085876465
    vertex 9.469783782958984 -16.450233459472656 0.8534285426139832
  endloop
endfacet
facet normal 0.0 0.0 0.0
  outer loop
    vertex 9.469783782958984 -16.450233459472656 0.8534285426139832
    vertex 9.631756782531738 -16.84124755859375 4.9068427085876465
    vertex 9.469783782958984 -16.450233459472656 4.9068427085876465
  endloop
endfacet
facet normal 0.0 0.0 0.0
  outer loop
    vertex 9.469783782958984 -16.450233459472656 0.8534285426139832
    vertex 9.469783782958984 -16.450233459472656 4.9068427085876465
    vertex 9.212116241455078 -16.114444732666016 0.8534285426139832
  endloop
endfacet
facet normal 0.0 0.0 0.0
  outer loop
    vertex 9.212116241455078 -16.114444732666016 0.8534285426139832
    vertex 9.469783782958984 -16.450233459472656 4.9068427085876465
    vertex 9.212116241455078 -16.114444732666016 4.9068427085876465
  endloop
endfacet
facet normal 0.0 0.0 0.0
  outer loop
    vertex 9.212116241455078 -16.114444732666016 0.8534285426139832
    vertex 9.212116241455078 -16.114444732666016 4.9068427085876465
    vertex 8.87631893157959 -15.856749534606934 0.8534285426139832
  endloop
endfacet
facet normal 0.0 0.0 0.0
  outer loop
    vertex 8.87631893157959 -15.856749534606934 0.8534285426139832
    vertex 9.212116241455078 -16.114444732666016 4.9068427085876465
    vertex 8.87631893157959 -15.856749534606934 4.9068427085876465
  endloop
endfacet
facet normal 0.0 0.0 0.0
  outer loop
    vertex 8.87631893157959 -15.856749534606934 0.8534285426139832
    vertex 8.87631893157959 -15.856749534606934 4.9068427085876465
    vertex 8.48527717590332 -15.694771766662598 0.8534285426139832
  endloop
endfacet
facet normal 0.0 0.0 0.0
  outer loop
    vertex 8.48527717590332 -15.694771766662598 0.8534285426139832
    vertex 8.87631893157959 -15.856749534606934 4.9068427085876465
    vertex 8.48527717590332 -15.694771766662598 4.9068427085876465
  endloop
endfacet
facet normal 0.0 0.0 0.0
  outer loop
    vertex 8.065635681152344 -15.639552116394043 0.8534285426139832
    vertex 7.645999908447266 -15.694771766662598 0.8534285426139832
    vertex 8.48527717590332 -15.694771766662598 0.8534285426139832
  endloop
endfacet
facet normal 0.0 0.0 0.0
  outer loop
    vertex 8.48527717590332 -15.694771766662598 0.8534285426139832
    vertex 7.645999908447266 -15.694771766662598 0.8534285426139832
    vertex 8.87631893157959 -15.856749534606934 0.8534285426139832
  endloop
endfacet
facet normal 0.0 0.0 0.0
  outer loop
    vertex 8.87631893157959 -15.856749534606934 0.8534285426139832
    vertex 7.645999908447266 -15.694771766662598 0.8534285426139832
    vertex 7.254953384399414 -15.856749534606934 0.8534285426139832
  endloop
endfacet
facet normal 0.0 0.0 0.0
  outer loop
    vertex 8.87631893157959 -15.856749534606934 0.8534285426139832
    vertex 7.254953384399414 -15.856749534606934 0.8534285426139832
    vertex 9.212116241455078 -16.114444732666016 0.8534285426139832
  endloop
endfacet
facet normal 0.0 0.0 0.0
  outer loop
    vertex 9.212116241455078 -16.114444732666016 0.8534285426139832
    vertex 7.254953384399414 -15.856749534606934 0.8534285426139832
    vertex 6.919160842895508 -16.114444732666016 0.8534285426139832
  endloop
endfacet
facet normal 0.0 0.0 0.0
  outer loop
    vertex 9.212116241455078 -16.114444732666016 0.8534285426139832
    vertex 6.919160842895508 -16.114444732666016 0.8534285426139832
    vertex 9.469783782958984 -16.450233459472656 0.8534285426139832
  endloop
endfacet
facet normal 0.0 0.0 0.0
  outer loop
    vertex 9.469783782958984 -16.450233459472656 0.8534285426139832
    vertex 6.919160842895508 -16.114444732666016 0.8534285426139832
    vertex 6.661493301391602 -16.450233459472656 0.8534285426139832
  endloop
endfacet
facet normal 0.0 0.0 0.0
  outer loop
    vertex 9.469783782958984 -16.450233459472656 0.8534285426139832
    vertex 6.661493301391602 -16.450233459472656 0.8534285426139832
    vertex 9.631756782531738 -16.84124755859375 0.8534285426139832
  endloop
endfacet
facet normal 0.0 0.0 0.0
  outer loop
    vertex 9.631756782531738 -16.84124755859375 0.8534285426139832
    vertex 6.661493301391602 -16.450233459472656 0.8534285426139832
    vertex 6.4995198249816895 -16.84124755859375 0.8534285426139832
  endloop
endfacet
facet normal 0.0 0.0 0.0
  outer loop
    vertex 9.631756782531738 -16.84124755859375 0.8534285426139832
    vertex 6.4995198249816895 -16.84124755859375 0.8534285426139832
    vertex 9.68700122833252 -17.26091766357422 0.8534285426139832
  endloop
endfacet
facet normal 0.0 0.0 0.0
  outer loop
    vertex 9.68700122833252 -17.26091766357422 0.8534285426139832
    vertex 6.4995198249816895 -16.84124755859375 0.8534285426139832
    vertex 6.444270610809326 -17.26091766357422 0.8534285426139832
  endloop
endfacet
facet normal 0.0 0.0 0.0
  outer loop
    vertex 9.68700122833252 -17.26091766357422 0.8534285426139832
    vertex 6.444270610809326 -17.26091766357422 0.8534285426139832
    vertex 9.631756782531738 -17.68054962158203 0.8534285426139832
  endloop
endfacet
facet normal 0.0 0.0 0.0
  outer loop
    vertex 9.631756782531738 -17.68054962158203 0.8534285426139832
    vertex 6.444270610809326 -17.26091766357422 0.8534285426139832
    vertex 6.4995198249816895 -17.68054962158203 0.8534285426139832
  endloop
endfacet
facet normal 0.0 0.0 0.0
  outer loop
    vertex 9.631756782531738 -17.68054962158203 0.8534285426139832
    vertex 6.4995198249816895 -17.68054962158203 0.8534285426139832
    vertex 9.469783782958984 -18.07160186767578 0.8534285426139832
  endloop
endfacet
facet normal 0.0 0.0 0.0
  outer loop
    vertex 9.469783782958984 -18.07160186767578 0.8534285426139832
    vertex 6.4995198249816895 -17.68054962158203 0.8534285426139832
    vertex 6.661493301391602 -18.07160186767578 0.8534285426139832
  endloop
endfacet
facet normal 0.0 0.0 0.0
  outer loop
    vertex 9.469783782958984 -18.07160186767578 0.8534285426139832
    vertex 6.661493301391602 -18.07160186767578 0.8534285426139832
    vertex 9.212116241455078 -18.407394409179688 0.8534285426139832
  endloop
endfacet
facet normal 0.0 0.0 0.0
  outer loop
    vertex 9.212116241455078 -18.407394409179688 0.8534285426139832
    vertex 6.661493301391602 -18.07160186767578 0.8534285426139832
    vertex 6.919160842895508 -18.407394409179688 0.8534285426139832
  endloop
endfacet
facet normal 0.0 0.0 0.0
  outer loop
    vertex 9.212116241455078 -18.407394409179688 0.8534285426139832
    vertex 6.919160842895508 -18.407394409179688 0.8534285426139832
    vertex 8.87631893157959 -18.66504669189453 0.8534285426139832
  endloop
endfacet
facet normal 0.0 0.0 0.0
  outer loop
    vertex 8.87631893157959 -18.66504669189453 0.8534285426139832
    vertex 6.919160842895508 -18.407394409179688 0.8534285426139832
    vertex 7.254953384399414 -18.66504669189453 0.8534285426139832
  endloop
endfacet
facet normal 0.0 0.0 0.0
  outer loop
    vertex 8.87631893157959 -18.66504669189453 0.8534285426139832
    vertex 7.254953384399414 -18.66504669189453 0.8534285426139832
    vertex 8.48527717590332 -18.8270263671875 0.8534285426139832
  endloop
endfacet
facet normal 0.0 0.0 0.0
  outer loop
    vertex 8.48527717590332 -18.8270263671875 0.8534285426139832
    vertex 7.254953384399414 -18.66504669189453 0.8534285426139832
    vertex 7.645999908447266 -18.8270263671875 0.8534285426139832
  endloop
endfacet
facet normal 0.0 0.0 0.0
  outer loop
    vertex 8.48527717590332 -18.8270263671875 0.8534285426139832
    vertex 7.645999908447266 -18.8270263671875 0.8534285426139832
    vertex 8.065635681152344 -18.882286071777344 0.8534285426139832
  endloop
endfacet
facet normal 0.0 0.0 0.0
  outer loop
    vertex -1.0140109062194824 -17.26091766357422 4.9068427085876465
    vertex -1.0140109062194824 -17.26091766357422 -3.1999855041503906
    vertex -0.7046263813972473 -19.61090850830078 4.9068427085876465
  endloop
endfacet
facet normal 0.0 0.0 0.0
  outer loop
    vertex -0.7046263813972473 -19.61090850830078 4.9068427085876465
    vertex -1.0140109062194824 -17.26091766357422 -3.1999855041503906
    vertex -0.7046263813972473 -19.61090850830078 -3.1999855041503906
  endloop
endfacet
facet normal 0.0 0.0 0.0
  outer loop
    vertex -0.7046263813972473 -19.61090850830078 4.9068427085876465
    vertex -0.7046263813972473 -19.61090850830078 -3.1999855041503906
    vertex 0.20243382453918457 -21.800743103027344 4.9068427085876465
  endloop
endfacet
facet normal 0.0 0.0 0.0
  outer loop
    vertex 0.20243382453918457 -21.800743103027344 4.9068427085876465
    vertex -0.7046263813972473 -19.61090850830078 -3.1999855041503906
    vertex 0.20243382453918457 -21.800743103027344 -3.1999855041503906
  endloop
endfacet
facet normal 0.0 0.0 0.0
  outer loop
    vertex 0.20243382453918457 -21.800743103027344 4.9068427085876465
    vertex 0.20243382453918457 -21.800743103027344 -3.1999855041503906
    vertex 1.6453591585159302 -23.68118667602539 4.9068427085876465
  endloop
endfacet
facet normal 0.0 0.0 0.0
  outer loop
    vertex 1.6453591585159302 -23.68118667602539 4.9068427085876465
    vertex 0.20243382453918457 -21.800743103027344 -3.1999855041503906
    vertex 1.6453591585159302 -23.68118667602539 -3.1999855041503906
  endloop
endfacet
facet normal 0.0 0.0 0.0
  outer loop
    vertex 1.6453591585159302 -23.68118667602539 4.9068427085876465
    vertex 1.6453591585159302 -23.68118667602539 -3.1999855041503906
    vertex 3.5258126258850098 -25.124107360839844 4.9068427085876465
  endloop
endfacet
facet normal 0.0 0.0 0.0
  outer loop
    vertex 3.5258126258850098 -25.124107360839844 4.9068427085876465
    vertex 1.6453591585159302 -23.68118667602539 -3.1999855041503906
    vertex 3.5258126258850098 -25.124107360839844 -3.1999855041503906
  endloop
endfacet
facet normal 0.0 0.0 0.0
  outer loop
    vertex 3.5258126258850098 -25.124107360839844 4.9068427085876465
    vertex 3.5258126258850098 -25.124107360839844 -3.1999855041503906
    vertex 5.71565055847168 -26.031177520751953 4.9068427085876465
  endloop
endfacet
facet normal 0.0 0.0 0.0
  outer loop
    vertex 5.71565055847168 -26.031177520751953 4.9068427085876465
    vertex 3.5258126258850098 -25.124107360839844 -3.1999855041503906
    vertex 5.71565055847168 -26.031177520751953 -3.1999855041503906
  endloop
endfacet
facet normal 0.0 0.0 0.0
  outer loop
    vertex 5.71565055847168 -26.031177520751953 4.9068427085876465
    vertex 5.71565055847168 -26.031177520751953 -3.1999855041503906
    vertex 8.065635681152344 -26.340564727783203 4.9068427085876465
  endloop
endfacet
facet normal 0.0 0.0 0.0
  outer loop
    vertex 8.065635681152344 -26.340564727783203 4.9068427085876465
    vertex 5.71565055847168 -26.031177520751953 -3.1999855041503906
    vertex 8.065635681152344 -26.340564727783203 -3.1999855041503906
  endloop
endfacet
facet normal 0.0 0.0 0.0
  outer loop
    vertex 8.065635681152344 -26.340564727783203 4.9068427085876465
    vertex 8.065635681152344 -26.340564727783203 -3.1999855041503906
    vertex 10.415621757507324 -26.031177520751953 4.9068427085876465
  endloop
endfacet
facet normal 0.0 0.0 0.0
  outer loop
    vertex 10.415621757507324 -26.031177520751953 4.9068427085876465
    vertex 8.065635681152344 -26.340564727783203 -3.1999855041503906
    vertex 10.415621757507324 -26.031177520751953 -3.1999855041503906
  endloop
endfacet
facet normal 0.0 0.0 0.0
  outer loop
    vertex 10.415621757507324 -26.031177520751953 4.9068427085876465
    vertex 10.415621757507324 -26.031177520751953 -3.1999855041503906
    vertex 12.605459213256836 -25.124107360839844 4.9068427085876465
  endloop
endfacet
facet normal 0.0 0.0 0.0
  outer loop
    vertex 12.605459213256836 -25.124107360839844 4.9068427085876465
    vertex 10.415621757507324 -26.031177520751953 -3.1999855041503906
    vertex 12.605459213256836 -25.124107360839844 -3.1999855041503906
  endloop
endfacet
facet normal 0.0 0.0 0.0
  outer loop
    vertex 12.605459213256836 -25.124107360839844 4.9068427085876465
    vertex 12.605459213256836 -25.124107360839844 -3.1999855041503906
    vertex 14.485918045043945 -23.68118667602539 4.9068427085876465
  endloop
endfacet
facet normal 0.0 0.0 0.0
  outer loop
    vertex 14.485918045043945 -23.68118667602539 4.9068427085876465
    vertex 12.605459213256836 -25.124107360839844 -3.1999855041503906
    vertex 14.485918045043945 -23.68118667602539 -3.1999855041503906
  endloop
endfacet
facet normal 0.0 0.0 0.0
  outer loop
    vertex 14.485918045043945 -23.68118667602539 4.9068427085876465
    vertex 14.485918045043945 -23.68118667602539 -3.1999855041503906
    vertex 15.928842544555664 -21.800743103027344 4.9068427085876465
  endloop
endfacet
facet normal 0.0 0.0 0.0
  outer loop
    vertex 15.928842544555664 -21.800743103027344 4.9068427085876465
    vertex 14.485918045043945 -23.68118667602539 -3.1999855041503906
    vertex 15.928842544555664 -21.800743103027344 -3.1999855041503906
  endloop
endfacet
facet normal 0.0 0.0 0.0
  outer loop
    vertex 15.928842544555664 -21.800743103027344 4.9068427085876465
    vertex 15.928842544555664 -21.800743103027344 -3.1999855041503906
    vertex 16.83590316772461 -19.61090850830078 4.9068427085876465
  endloop
endfacet
facet normal 0.0 0.0 0.0
  outer loop
    vertex 16.83590316772461 -19.61090850830078 4.9068427085876465
    vertex 15.928842544555664 -21.800743103027344 -3.1999855041503906
    vertex 16.83590316772461 -19.61090850830078 -3.1999855041503906
  endloop
endfacet
facet normal 0.0 0.0 0.0
  outer loop
    vertex 16.83590316772461 -19.61090850830078 4.9068427085876465
    vertex 16.83590316772461 -19.61090850830078 -3.1999855041503906
    vertex 17.145282745361328 -17.26091766357422 4.9068427085876465
  endloop
endfacet
facet normal 0.0 0.0 0.0
  outer loop
    vertex 17.145282745361328 -17.26091766357422 4.9068427085876465
    vertex 16.83590316772461 -19.61090850830078 -3.1999855041503906
    vertex 17.145282745361328 -17.26091766357422 -3.1999855041503906
  endloop
endfacet
facet normal 0.0 0.0 0.0
  outer loop
    vertex 17.145282745361328 -17.26091766357422 4.9068427085876465
    vertex 17.145282745361328 -17.26091766357422 -3.1999855041503906
    vertex 16.83590316772461 -14.910927772521973 4.9068427085876465
  endloop
endfacet
facet normal 0.0 0.0 0.0
  outer loop
    vertex 16.83590316772461 -14.910927772521973 4.9068427085876465
    vertex 17.145282745361328 -17.26091766357422 -3.1999855041503906
    vertex 16.83590316772461 -14.910927772521973 -3.1999855041503906
  endloop
endfacet
facet normal 0.0 0.0 0.0
  outer loop
    vertex 16.83590316772461 -14.910927772521973 4.9068427085876465
    vertex 16.83590316772461 -14.910927772521973 -3.1999855041503906
    vertex 15.928842544555664 -12.721095085144043 4.9068427085876465
  endloop
endfacet
facet normal 0.0 0.0 0.0
  outer loop
    vertex 15.928842544555664 -12.721095085144043 4.9068427085876465
    vertex 16.83590316772461 -14.910927772521973 -3.1999855041503906
    vertex 15.928842544555664 -12.721095085144043 -3.1999855041503906
  endloop
endfacet
facet normal 0.0 0.0 0.0
  outer loop
    vertex 15.928842544555664 -12.721095085144043 4.9068427085876465
    vertex 15.928842544555664 -12.721095085144043 -3.1999855041503906
    vertex 14.485918045043945 -10.840611457824707 4.9068427085876465
  endloop
endfacet
facet normal 0.0 0.0 0.0
  outer loop
    vertex 14.485918045043945 -10.840611457824707 4.9068427085876465
    vertex 15.928842544555664 -12.721095085144043 -3.1999855041503906
    vertex 14.485918045043945 -10.840611457824707 -3.1999855041503906
  endloop
endfacet
facet normal 0.0 0.0 0.0
  outer loop
    vertex 14.485918045043945 -10.840611457824707 4.9068427085876465
    vertex 14.485918045043945 -10.840611457824707 -3.1999855041503906
    vertex 12.605459213256836 -9.397690773010254 4.9068427085876465
  endloop
endfacet
facet normal 0.0 0.0 0.0
  outer loop
    vertex 12.605459213256836 -9.397690773010254 4.9068427085876465
    vertex 14.485918045043945 -10.840611457824707 -3.1999855041503906
    vertex 12.605459213256836 -9.397690773010254 -3.1999855041503906
  endloop
endfacet
facet normal 0.0 0.0 0.0
  outer loop
    vertex 12.605459213256836 -9.397690773010254 4.9068427085876465
    vertex 12.605459213256836 -9.397690773010254 -3.1999855041503906
    vertex 10.415621757507324 -8.490620613098145 4.9068427085876465
  endloop
endfacet
facet normal 0.0 0.0 0.0
  outer loop
    vertex 10.415621757507324 -8.490620613098145 4.9068427085876465
    vertex 12.605459213256836 -9.397690773010254 -3.1999855041503906
    vertex 10.415621757507324 -8.490620613098145 -3.1999855041503906
  endloop
endfacet
facet normal 0.0 0.0 0.0
  outer loop
    vertex 10.415621757507324 -8.490620613098145 4.9068427085876465
    vertex 10.415621757507324 -8.490620613098145 -3.1999855041503906
    vertex 8.065635681152344 -8.18127155303955 4.9068427085876465
  endloop
endfacet
facet normal 0.0 0.0 0.0
  outer loop
    vertex 8.065635681152344 -8.18127155303955 4.9068427085876465
    vertex 10.415621757507324 -8.490620613098145 -3.1999855041503906
    vertex 8.065635681152344 -8.18127155303955 -3.1999855041503906
  endloop
endfacet
facet normal 0.0 0.0 0.0
  outer loop
    vertex 8.065635681152344 -8.18127155303955 4.9068427085876465
    vertex 8.065635681152344 -8.18127155303955 -3.1999855041503906
    vertex 5.71565055847168 -8.490620613098145 4.9068427085876465
  endloop
endfacet
facet normal 0.0 0.0 0.0
  outer loop
    vertex 5.71565055847168 -8.490620613098145 4.9068427085876465
    vertex 8.065635681152344 -8.18127155303955 -3.1999855041503906
    vertex 5.71565055847168 -8.490620613098145 -3.1999855041503906
  endloop
endfacet
facet normal 0.0 0.0 0.0
  outer loop
    vertex 5.71565055847168 -8.490620613098145 4.9068427085876465
    vertex 5.71565055847168 -8.490620613098145 -3.1999855041503906
    vertex 3.5258126258850098 -9.397690773010254 4.9068427085876465
  endloop
endfacet
facet normal 0.0 0.0 0.0
  outer loop
    vertex 3.5258126258850098 -9.397690773010254 4.9068427085876465
    vertex 5.71565055847168 -8.490620613098145 -3.1999855041503906
    vertex 3.5258126258850098 -9.397690773010254 -3.1999855041503906
  endloop
endfacet
facet normal 0.0 0.0 0.0
  outer loop
    vertex 3.5258126258850098 -9.397690773010254 4.9068427085876465
    vertex 3.5258126258850098 -9.397690773010254 -3.1999855041503906
    vertex 1.6453591585159302 -10.840611457824707 4.9068427085876465
  endloop
endfacet
facet normal 0.0 0.0 0.0
  outer loop
    vertex 1.6453591585159302 -10.840611457824707 4.9068427085876465
    vertex 3.5258126258850098 -9.397690773010254 -3.1999855041503906
    vertex 1.6453591585159302 -10.840611457824707 -3.1999855041503906
  endloop
endfacet
facet normal 0.0 0.0 0.0
  outer loop
    vertex 1.6453591585159302 -10.840611457824707 4.9068427085876465
    vertex 1.6453591585159302 -10.840611457824707 -3.1999855041503906
    vertex 0.20243382453918457 -12.721095085144043 4.9068427085876465
  endloop
endfacet
facet normal 0.0 0.0 0.0
  outer loop
    vertex 0.20243382453918457 -12.721095085144043 4.9068427085876465
    vertex 1.6453591585159302 -10.840611457824707 -3.1999855041503906
    vertex 0.20243382453918457 -12.721095085144043 -3.1999855041503906
  endloop
endfacet
facet normal 0.0 0.0 0.0
  outer loop
    vertex 0.20243382453918457 -12.721095085144043 4.9068427085876465
    vertex 0.20243382453918457 -12.721095085144043 -3.1999855041503906
    vertex -0.7046263813972473 -14.910927772521973 4.9068427085876465
  endloop
endfacet
facet normal 0.0 0.0 0.0
  outer loop
    vertex -0.7046263813972473 -14.910927772521973 4.9068427085876465
    vertex 0.20243382453918457 -12.721095085144043 -3.1999855041503906
    vertex -0.7046263813972473 -14.910927772521973 -3.1999855041503906
  endloop
endfacet
facet normal 0.0 0.0 0.0
  outer loop
    vertex -0.7046263813972473 -14.910927772521973 4.9068427085876465
    vertex -0.7046263813972473 -14.910927772521973 -3.1999855041503906
    vertex -1.0140109062194824 -17.26091766357422 4.9068427085876465
  endloop
endfacet
facet normal 0.0 0.0 0.0
  outer loop
    vertex -1.0140109062194824 -17.26091766357422 4.9068427085876465
    vertex -0.7046263813972473 -14.910927772521973 -3.1999855041503906
    vertex -1.0140109062194824 -17.26091766357422 -3.1999855041503906
  endloop
endfacet
facet normal 0.0 0.0 0.0
  outer loop
    vertex 8.48527717590332 -15.694771766662598 4.9068427085876465
    vertex 10.415621757507324 -8.490620613098145 4.9068427085876465
    vertex 8.065635681152344 -15.639552116394043 4.9068427085876465
  endloop
endfacet
facet normal 0.0 0.0 0.0
  outer loop
    vertex 8.065635681152344 -15.639552116394043 4.9068427085876465
    vertex 10.415621757507324 -8.490620613098145 4.9068427085876465
    vertex 8.065635681152344 -8.18127155303955 4.9068427085876465
  endloop
endfacet
facet normal 0.0 0.0 0.0
  outer loop
    vertex 8.065635681152344 -15.639552116394043 4.9068427085876465
    vertex 8.065635681152344 -8.18127155303955 4.9068427085876465
    vertex 5.71565055847168 -8.490620613098145 4.9068427085876465
  endloop
endfacet
facet normal 0.0 0.0 0.0
  outer loop
    vertex 10.415621757507324 -8.490620613098145 4.9068427085876465
    vertex 8.48527717590332 -15.694771766662598 4.9068427085876465
    vertex 12.605459213256836 -9.397690773010254 4.9068427085876465
  endloop
endfacet
facet normal 0.0 0.0 0.0
  outer loop
    vertex 12.605459213256836 -9.397690773010254 4.9068427085876465
    vertex 8.48527717590332 -15.694771766662598 4.9068427085876465
    vertex 8.87631893157959 -15.856749534606934 4.9068427085876465
  endloop
endfacet
facet normal 0.0 0.0 0.0
  outer loop
    vertex 12.605459213256836 -9.397690773010254 4.9068427085876465
    vertex 8.87631893157959 -15.856749534606934 4.9068427085876465
    vertex 14.485918045043945 -10.840611457824707 4.9068427085876465
  endloop
endfacet
facet normal 0.0 0.0 0.0
  outer loop
    vertex 14.485918045043945 -10.840611457824707 4.9068427085876465
    vertex 8.87631893157959 -15.856749534606934 4.9068427085876465
    vertex 9.212116241455078 -16.114444732666016 4.9068427085876465
  endloop
endfacet
facet normal 0.0 0.0 0.0
  outer loop
    vertex 14.485918045043945 -10.840611457824707 4.9068427085876465
    vertex 9.212116241455078 -16.114444732666016 4.9068427085876465
    vertex 15.928842544555664 -12.721095085144043 4.9068427085876465
  endloop
endfacet
facet normal 0.0 0.0 0.0
  outer loop
    vertex 15.928842544555664 -12.721095085144043 4.9068427085876465
    vertex 9.212116241455078 -16.114444732666016 4.9068427085876465
    vertex 9.469783782958984 -16.450233459472656 4.9068427085876465
  endloop
endfacet
facet normal 0.0 0.0 0.0
  outer loop
    vertex 15.928842544555664 -12.721095085144043 4.9068427085876465
    vertex 9.469783782958984 -16.450233459472656 4.9068427085876465
    vertex 16.83590316772461 -14.910927772521973 4.9068427085876465
  endloop
endfacet
facet normal 0.0 0.0 0.0
  outer loop
    vertex 16.83590316772461 -14.910927772521973 4.9068427085876465
    vertex 9.469783782958984 -16.450233459472656 4.9068427085876465
    vertex 9.631756782531738 -16.84124755859375 4.9068427085876465
  endloop
endfacet
facet normal 0.0 0.0 0.0
  outer loop
    vertex 16.83590316772461 -14.910927772521973 4.9068427085876465
    vertex 9.631756782531738 -16.84124755859375 4.9068427085876465
    vertex 17.145282745361328 -17.26091766357422 4.9068427085876465
  endloop
endfacet
facet normal 0.0 0.0 0.0
  outer loop
    vertex 17.145282745361328 -17.26091766357422 4.9068427085876465
    vertex 9.631756782531738 -16.84124755859375 4.9068427085876465
    vertex 9.68700122833252 -17.26091766357422 4.9068427085876465
  endloop
endfacet
facet normal 0.0 0.0 0.0
  outer loop
    vertex 17.145282745361328 -17.26091766357422 4.9068427085876465
    vertex 9.68700122833252 -17.26091766357422 4.9068427085876465
    vertex 9.631756782531738 -17.68054962158203 4.9068427085876465
  endloop
endfacet
facet normal 0.0 0.0 0.0
  outer loop
    vertex 17.145282745361328 -17.26091766357422 4.9068427085876465
    vertex 9.631756782531738 -17.68054962158203 4.9068427085876465
    vertex 16.83590316772461 -19.61090850830078 4.9068427085876465
  endloop
endfacet
facet normal 0.0 0.0 0.0
  outer loop
    vertex 16.83590316772461 -19.61090850830078 4.9068427085876465
    vertex 9.631756782531738 -17.68054962158203 4.9068427085876465
    vertex 9.469783782958984 -18.07160186767578 4.9068427085876465
  endloop
endfacet
facet normal 0.0 0.0 0.0
  outer loop
    vertex 16.83590316772461 -19.61090850830078 4.9068427085876465
    vertex 9.469783782958984 -18.07160186767578 4.9068427085876465
    vertex 15.928842544555664 -21.800743103027344 4.9068427085876465
  endloop
endfacet
facet normal 0.0 0.0 0.0
  outer loop
    vertex 15.928842544555664 -21.800743103027344 4.9068427085876465
    vertex 9.469783782958984 -18.07160186767578 4.9068427085876465
    vertex 9.212116241455078 -18.407394409179688 4.9068427085876465
  endloop
endfacet
facet normal 0.0 0.0 0.0
  outer loop
    vertex 15.928842544555664 -21.800743103027344 4.9068427085876465
    vertex 9.212116241455078 -18.407394409179688 4.9068427085876465
    vertex 14.485918045043945 -23.68118667602539 4.9068427085876465
  endloop
endfacet
facet normal 0.0 0.0 0.0
  outer loop
    vertex 14.485918045043945 -23.68118667602539 4.9068427085876465
    vertex 9.212116241455078 -18.407394409179688 4.9068427085876465
    vertex 8.87631893157959 -18.66504669189453 4.9068427085876465
  endloop
endfacet
facet normal 0.0 0.0 0.0
  outer loop
    vertex 14.485918045043945 -23.68118667602539 4.9068427085876465
    vertex 8.87631893157959 -18.66504669189453 4.9068427085876465
    vertex 12.605459213256836 -25.124107360839844 4.9068427085876465
  endloop
endfacet
facet normal 0.0 0.0 0.0
  outer loop
    vertex 12.605459213256836 -25.124107360839844 4.9068427085876465
    vertex 8.87631893157959 -18.66504669189453 4.9068427085876465
    vertex 8.48527717590332 -18.8270263671875 4.9068427085876465
  endloop
endfacet
facet normal 0.0 0.0 0.0
  outer loop
    vertex 12.605459213256836 -25.124107360839844 4.9068427085876465
    vertex 8.48527717590332 -18.8270263671875 4.9068427085876465
    vertex 10.415621757507324 -26.031177520751953 4.9068427085876465
  endloop
endfacet
facet normal 0.0 0.0 0.0
  outer loop
    vertex 10.415621757507324 -26.031177520751953 4.9068427085876465
    vertex 8.48527717590332 -18.8270263671875 4.9068427085876465
    vertex 8.065635681152344 -18.882286071777344 4.9068427085876465
  endloop
endfacet
facet normal 0.0 0.0 0.0
  outer loop
    vertex 10.415621757507324 -26.031177520751953 4.9068427085876465
    vertex 8.065635681152344 -18.882286071777344 4.9068427085876465
    vertex 8.065635681152344 -26.340564727783203 4.9068427085876465
  endloop
endfacet
facet normal 0.0 0.0 0.0
  outer loop
    vertex 8.065635681152344 -26.340564727783203 4.9068427085876465
    vertex 8.065635681152344 -18.882286071777344 4.9068427085876465
    vertex 5.71565055847168 -26.031177520751953 4.9068427085876465
  endloop
endfacet
facet normal 0.0 0.0 0.0
  outer loop
    vertex 5.71565055847168 -26.031177520751953 4.9068427085876465
    vertex 8.065635681152344 -18.882286071777344 4.9068427085876465
    vertex 7.645999908447266 -18.8270263671875 4.9068427085876465
  endloop
endfacet
facet normal 0.0 0.0 0.0
  outer loop
    vertex 5.71565055847168 -26.031177520751953 4.9068427085876465
    vertex 7.645999908447266 -18.8270263671875 4.9068427085876465
    vertex 3.5258126258850098 -25.124107360839844 4.9068427085876465
  endloop
endfacet
facet normal 0.0 0.0 0.0
  outer loop
    vertex 3.5258126258850098 -25.124107360839844 4.9068427085876465
    vertex 7.645999908447266 -18.8270263671875 4.9068427085876465
    vertex 7.254953384399414 -18.66504669189453 4.9068427085876465
  endloop
endfacet
facet normal 0.0 0.0 0.0
  outer loop
    vertex 3.5258126258850098 -25.124107360839844 4.9068427085876465
    vertex 7.254953384399414 -18.66504669189453 4.9068427085876465
    vertex 1.6453591585159302 -23.68118667602539 4.9068427085876465
  endloop
endfacet
facet normal 0.0 0.0 0.0
  outer loop
    vertex 1.6453591585159302 -23.68118667602539 4.9068427085876465
    vertex 7.254953384399414 -18.66504669189453 4.9068427085876465
    vertex 6.919160842895508 -18.407394409179688 4.9068427085876465
  endloop
endfacet
facet normal 0.0 0.0 0.0
  outer loop
    vertex 1.6453591585159302 -23.68118667602539 4.9068427085876465
    vertex 6.919160842895508 -18.407394409179688 4.9068427085876465
    vertex 0.20243382453918457 -21.800743103027344 4.9068427085876465
  endloop
endfacet
facet normal 0.0 0.0 0.0
  outer loop
    vertex 0.20243382453918457 -21.800743103027344 4.9068427085876465
    vertex 6.919160842895508 -18.407394409179688 4.9068427085876465
    vertex 6.661493301391602 -18.07160186767578 4.9068427085876465
  endloop
endfacet
facet normal 0.0 0.0 0.0
  outer loop
    vertex 0.20243382453918457 -21.800743103027344 4.9068427085876465
    vertex 6.661493301391602 -18.07160186767578 4.9068427085876465
    vertex -0.7046263813972473 -19.61090850830078 4.9068427085876465
  endloop
endfacet
facet normal 0.0 0.0 0.0
  outer loop
    vertex -0.7046263813972473 -19.61090850830078 4.9068427085876465
    vertex 6.661493301391602 -18.07160186767578 4.9068427085876465
    vertex 6.4995198249816895 -17.68054962158203 4.9068427085876465
  endloop
endfacet
facet normal 0.0 0.0 0.0
  outer loop
    vertex -0.7046263813972473 -19.61090850830078 4.9068427085876465
    vertex 6.4995198249816895 -17.68054962158203 4.9068427085876465
    vertex -1.0140109062194824 -17.26091766357422 4.9068427085876465
  endloop
endfacet
facet normal 0.0 0.0 0.0
  outer loop
    vertex -1.0140109062194824 -17.26091766357422 4.9068427085876465
    vertex 6.4995198249816895 -17.68054962158203 4.9068427085876465
    vertex 6.444270610809326 -17.26091766357422 4.9068427085876465
  endloop
endfacet
facet normal 0.0 0.0 0.0
  outer loop
    vertex -1.0140109062194824 -17.26091766357422 4.9068427085876465
    vertex 6.444270610809326 -17.26091766357422 4.9068427085876465
    vertex -0.7046263813972473 -14.910927772521973 4.9068427085876465
  endloop
endfacet
facet normal 0.0 0.0 0.0
  outer loop
    vertex -0.7046263813972473 -14.910927772521973 4.9068427085876465
    vertex 6.444270610809326 -17.26091766357422 4.9068427085876465
    vertex 6.4995198249816895 -16.84124755859375 4.9068427085876465
  endloop
endfacet
facet normal 0.0 0.0 0.0
  outer loop
    vertex -0.7046263813972473 -14.910927772521973 4.9068427085876465
    vertex 6.4995198249816895 -16.84124755859375 4.9068427085876465
    vertex 6.661493301391602 -16.450233459472656 4.9068427085876465
  endloop
endfacet
facet normal 0.0 0.0 0.0
  outer loop
    vertex -0.7046263813972473 -14.910927772521973 4.9068427085876465
    vertex 6.661493301391602 -16.450233459472656 4.9068427085876465
    vertex 0.20243382453918457 -12.721095085144043 4.9068427085876465
  endloop
endfacet
facet normal 0.0 0.0 0.0
  outer loop
    vertex 0.20243382453918457 -12.721095085144043 4.9068427085876465
    vertex 6.661493301391602 -16.450233459472656 4.9068427085876465
    vertex 6.919160842895508 -16.114444732666016 4.9068427085876465
  endloop
endfacet
facet normal 0.0 0.0 0.0
  outer loop
    vertex 0.20243382453918457 -12.721095085144043 4.9068427085876465
    vertex 6.919160842895508 -16.114444732666016 4.9068427085876465
    vertex 1.6453591585159302 -10.840611457824707 4.9068427085876465
  endloop
endfacet
facet normal 0.0 0.0 0.0
  outer loop
    vertex 1.6453591585159302 -10.840611457824707 4.9068427085876465
    vertex 6.919160842895508 -16.114444732666016 4.9068427085876465
    vertex 7.254953384399414 -15.856749534606934 4.9068427085876465
  endloop
endfacet
facet normal 0.0 0.0 0.0
  outer loop
    vertex 1.6453591585159302 -10.840611457824707 4.9068427085876465
    vertex 7.254953384399414 -15.856749534606934 4.9068427085876465
    vertex 3.5258126258850098 -9.397690773010254 4.9068427085876465
  endloop
endfacet
facet normal 0.0 0.0 0.0
  outer loop
    vertex 3.5258126258850098 -9.397690773010254 4.9068427085876465
    vertex 7.254953384399414 -15.856749534606934 4.9068427085876465
    vertex 7.645999908447266 -15.694771766662598 4.9068427085876465
  endloop
endfacet
facet normal 0.0 0.0 0.0
  outer loop
    vertex 3.5258126258850098 -9.397690773010254 4.9068427085876465
    vertex 7.645999908447266 -15.694771766662598 4.9068427085876465
    vertex 5.71565055847168 -8.490620613098145 4.9068427085876465
  endloop
endfacet
facet normal 0.0 0.0 0.0
  outer loop
    vertex 5.71565055847168 -8.490620613098145 4.9068427085876465
    vertex 7.645999908447266 -15.694771766662598 4.9068427085876465
    vertex 8.065635681152344 -15.639552116394043 4.9068427085876465
  endloop
endfacet
facet normal 0.0 0.0 0.0
  outer loop
    vertex -0.7046263813972473 -14.910927772521973 -3.1999855041503906
    vertex 16.83590316772461 -14.910927772521973 -3.1999855041503906
    vertex -1.0140109062194824 -17.26091766357422 -3.1999855041503906
  endloop
endfacet
facet normal 0.0 0.0 0.0
  outer loop
    vertex -1.0140109062194824 -17.26091766357422 -3.1999855041503906
    vertex 16.83590316772461 -14.910927772521973 -3.1999855041503906
    vertex 17.145282745361328 -17.26091766357422 -3.1999855041503906
  endloop
endfacet
facet normal 0.0 0.0 0.0
  outer loop
    vertex -1.0140109062194824 -17.26091766357422 -3.1999855041503906
    vertex 17.145282745361328 -17.26091766357422 -3.1999855041503906
    vertex -0.7046263813972473 -19.61090850830078 -3.1999855041503906
  endloop
endfacet
facet normal 0.0 0.0 0.0
  outer loop
    vertex -0.7046263813972473 -19.61090850830078 -3.1999855041503906
    vertex 17.145282745361328 -17.26091766357422 -3.1999855041503906
    vertex 16.83590316772461 -19.61090850830078 -3.1999855041503906
  endloop
endfacet
facet normal 0.0 0.0 0.0
  outer loop
    vertex -0.7046263813972473 -19.61090850830078 -3.1999855041503906
    vertex 16.83590316772461 -19.61090850830078 -3.1999855041503906
    vertex 0.20243382453918457 -21.800743103027344 -3.1999855041503906
  endloop
endfacet
facet normal 0.0 0.0 0.0
  outer loop
    vertex 0.20243382453918457 -21.800743103027344 -3.1999855041503906
    vertex 16.83590316772461 -19.61090850830078 -3.1999855041503906
    vertex 15.928842544555664 -21.800743103027344 -3.1999855041503906
  endloop
endfacet
facet normal 0.0 0.0 0.0
  outer loop
    vertex 0.20243382453918457 -21.800743103027344 -3.1999855041503906
    vertex 15.928842544555664 -21.800743103027344 -3.1999855041503906
    vertex 1.6453591585159302 -23.68118667602539 -3.1999855041503906
  endloop
endfacet
facet normal 0.0 0.0 0.0
  outer loop
    vertex 1.6453591585159302 -23.68118667602539 -3.1999855041503906
    vertex 15.928842544555664 -21.800743103027344 -3.1999855041503906
    vertex 14.485918045043945 -23.68118667602539 -3.1999855041503906
  endloop
endfacet
facet normal 0.0 0.0 0.0
  outer loop
    vertex 1.6453591585159302 -23.68118667602539 -3.1999855041503906
    vertex 14.485918045043945 -23.68118667602539 -3.1999855041503906
    vertex 3.5258126258850098 -25.124107360839844 -3.1999855041503906
  endloop
endfacet
facet normal 0.0 0.0 0.0
  outer loop
    vertex 3.5258126258850098 -25.124107360839844 -3.1999855041503906
    vertex 14.485918045043945 -23.68118667602539 -3.1999855041503906
    vertex 12.605459213256836 -25.124107360839844 -3.1999855041503906
  endloop
endfacet
facet normal 0.0 0.0 0.0
  outer loop
    vertex 3.5258126258850098 -25.124107360839844 -3.1999855041503906
    vertex 12.605459213256836 -25.124107360839844 -3.1999855041503906
    vertex 5.71565055847168 -26.031177520751953 -3.1999855041503906
  endloop
endfacet
facet normal 0.0 0.0 0.0
  outer loop
    vertex 5.71565055847168 -26.031177520751953 -3.1999855041503906
    vertex 12.605459213256836 -25.124107360839844 -3.1999855041503906
    vertex 10.415621757507324 -26.031177520751953 -3.1999855041503906
  endloop
endfacet
facet normal 0.0 0.0 0.0
  outer loop
    vertex 5.71565055847168 -26.031177520751953 -3.1999855041503906
    vertex 10.415621757507324 -26.031177520751953 -3.1999855041503906
    vertex 8.065635681152344 -26.340564727783203 -3.1999855041503906
  endloop
endfacet
facet normal 0.0 0.0 0.0
  outer loop
    vertex 16.83590316772461 -14.910927772521973 -3.1999855041503906
    vertex -0.7046263813972473 -14.910927772521973 -3.1999855041503906
    vertex 15.928842544555664 -12.721095085144043 -3.1999855041503906
  endloop
endfacet
facet normal 0.0 0.0 0.0
  outer loop
    vertex 15.928842544555664 -12.721095085144043 -3.1999855041503906
    vertex -0.7046263813972473 -14.910927772521973 -3.1999855041503906
    vertex 0.20243382453918457 -12.721095085144043 -3.1999855041503906
  endloop
endfacet
facet normal 0.0 0.0 0.0
  outer loop
    vertex 15.928842544555664 -12.721095085144043 -3.1999855041503906
    vertex 0.20243382453918457 -12.721095085144043 -3.1999855041503906
    vertex 14.485918045043945 -10.840611457824707 -3.1999855041503906
  endloop
endfacet
facet normal 0.0 0.0 0.0
  outer loop
    vertex 14.485918045043945 -10.840611457824707 -3.1999855041503906
    vertex 0.20243382453918457 -12.721095085144043 -3.1999855041503906
    vertex 1.6453591585159302 -10.840611457824707 -3.1999855041503906
  endloop
endfacet
facet normal 0.0 0.0 0.0
  outer loop
    vertex 14.485918045043945 -10.840611457824707 -3.1999855041503906
    vertex 1.6453591585159302 -10.840611457824707 -3.1999855041503906
    vertex 12.605459213256836 -9.397690773010254 -3.1999855041503906
  endloop
endfacet
facet normal 0.0 0.0 0.0
  outer loop
    vertex 12.605459213256836 -9.397690773010254 -3.1999855041503906
    vertex 1.6453591585159302 -10.840611457824707 -3.1999855041503906
    vertex 3.5258126258850098 -9.397690773010254 -3.1999855041503906
  endloop
endfacet
facet normal 0.0 0.0 0.0
  outer loop
    vertex 12.605459213256836 -9.397690773010254 -3.1999855041503906
    vertex 3.5258126258850098 -9.397690773010254 -3.1999855041503906
    vertex 10.415621757507324 -8.490620613098145 -3.1999855041503906
  endloop
endfacet
facet normal 0.0 0.0 0.0
  outer loop
    vertex 10.415621757507324 -8.490620613098145 -3.1999855041503906
    vertex 3.5258126258850098 -9.397690773010254 -3.1999855041503906
    vertex 5.71565055847168 -8.490620613098145 -3.1999855041503906
  endloop
endfacet
facet normal 0.0 0.0 0.0
  outer loop
    vertex 10.415621757507324 -8.490620613098145 -3.1999855041503906
    vertex 5.71565055847168 -8.490620613098145 -3.1999855041503906
    vertex 8.065635681152344 -8.18127155303955 -3.1999855041503906
  endloop
endfacet
facet normal 0.0 0.0 0.0
  outer loop
    vertex 29.771142959594727 -15.694771766662598 0.8534285426139832
    vertex 29.771142959594727 -15.694771766662598 4.906842231750488
    vertex 29.35150146484375 -15.639552116394043 0.8534285426139832
  endloop
endfacet
facet normal 0.0 0.0 0.0
  outer loop
    vertex 29.35150146484375 -15.639552116394043 0.8534285426139832
    vertex 29.771142959594727 -15.694771766662598 4.906842231750488
    vertex 29.35150146484375 -15.639552116394043 4.906842231750488
  endloop
endfacet
facet normal 0.0 0.0 0.0
  outer loop
    vertex 29.35150146484375 -15.639552116394043 0.8534285426139832
    vertex 29.35150146484375 -15.639552116394043 4.906842231750488
    vertex 28.931859970092773 -15.694771766662598 0.8534285426139832
  endloop
endfacet
facet normal 0.0 0.0 0.0
  outer loop
    vertex 28.931859970092773 -15.694771766662598 0.8534285426139832
    vertex 29.35150146484375 -15.639552116394043 4.906842231750488
    vertex 28.931859970092773 -15.694771766662598 4.906842231750488
  endloop
endfacet
facet normal 0.0 0.0 0.0
  outer loop
    vertex 28.931859970092773 -15.694771766662598 0.8534285426139832
    vertex 28.931859970092773 -15.694771766662598 4.906842231750488
    vertex 28.54081916809082 -15.856749534606934 0.8534285426139832
  endloop
endfacet
facet normal 0.0 0.0 0.0
  outer loop
    vertex 28.54081916809082 -15.856749534606934 0.8534285426139832
    vertex 28.931859970092773 -15.694771766662598 4.906842231750488
    vertex 28.54081916809082 -15.856749534606934 4.906842231750488
  endloop
endfacet
facet normal 0.0 0.0 0.0
  outer loop
    vertex 28.54081916809082 -15.856749534606934 0.8534285426139832
    vertex 28.54081916809082 -15.856749534606934 4.906842231750488
    vertex 28.205020904541016 -16.114444732666016 0.8534285426139832
  endloop
endfacet
facet normal 0.0 0.0 0.0
  outer loop
    vertex 28.205020904541016 -16.114444732666016 0.8534285426139832
    vertex 28.54081916809082 -15.856749534606934 4.906842231750488
    vertex 28.205020904541016 -16.114444732666016 4.906842231750488
  endloop
endfacet
facet normal 0.0 0.0 0.0
  outer loop
    vertex 28.205020904541016 -16.114444732666016 0.8534285426139832
    vertex 28.205020904541016 -16.114444732666016 4.906842231750488
    vertex 27.947357177734375 -16.450233459472656 0.8534285426139832
  endloop
endfacet
facet normal 0.0 0.0 0.0
  outer loop
    vertex 27.947357177734375 -16.450233459472656 0.8534285426139832
    vertex 28.205020904541016 -16.114444732666016 4.906842231750488
    vertex 27.947357177734375 -16.450233459472656 4.906842231750488
  endloop
endfacet
facet normal 0.0 0.0 0.0
  outer loop
    vertex 27.947357177734375 -16.450233459472656 0.8534285426139832
    vertex 27.947357177734375 -16.450233459472656 4.906842231750488
    vertex 27.785383224487305 -16.84124755859375 0.8534285426139832
  endloop
endfacet
facet normal 0.0 0.0 0.0
  outer loop
    vertex 27.785383224487305 -16.84124755859375 0.8534285426139832
    vertex 27.947357177734375 -16.450233459472656 4.906842231750488
    vertex 27.785383224487305 -16.84124755859375 4.906842231750488
  endloop
endfacet
facet normal 0.0 0.0 0.0
  outer loop
    vertex 27.785383224487305 -16.84124755859375 0.8534285426139832
    vertex 27.785383224487305 -16.84124755859375 4.906842231750488
    vertex 27.73013687133789 -17.26091766357422 0.8534285426139832
  endloop
endfacet
facet normal 0.0 0.0 0.0
  outer loop
    vertex 27.73013687133789 -17.26091766357422 0.8534285426139832
    vertex 27.785383224487305 -16.84124755859375 4.906842231750488
    vertex 27.73013687133789 -17.26091766357422 4.906842231750488
  endloop
endfacet
facet normal 0.0 0.0 0.0
  outer loop
    vertex 27.73013687133789 -17.26091766357422 0.8534285426139832
    vertex 27.73013687133789 -17.26091766357422 4.906842231750488
    vertex 27.785383224487305 -17.68054962158203 0.8534285426139832
  endloop
endfacet
facet normal 0.0 0.0 0.0
  outer loop
    vertex 27.785383224487305 -17.68054962158203 0.8534285426139832
    vertex 27.73013687133789 -17.26091766357422 4.906842231750488
    vertex 27.785383224487305 -17.68054962158203 4.906842231750488
  endloop
endfacet
facet normal 0.0 0.0 0.0
  outer loop
    vertex 27.785383224487305 -17.68054962158203 0.8534285426139832
    vertex 27.785383224487305 -17.68054962158203 4.906842231750488
    vertex 27.947357177734375 -18.07160186767578 0.8534285426139832
  endloop
endfacet
facet normal 0.0 0.0 0.0
  outer loop
    vertex 27.947357177734375 -18.07160186767578 0.8534285426139832
    vertex 27.785383224487305 -17.68054962158203 4.906842231750488
    vertex 27.947357177734375 -18.07160186767578 4.906842231750488
  endloop
endfacet
facet normal 0.0 0.0 0.0
  outer loop
    vertex 27.947357177734375 -18.07160186767578 0.8534285426139832
    vertex 27.947357177734375 -18.07160186767578 4.906842231750488
    vertex 28.205020904541016 -18.407394409179688 0.8534285426139832
  endloop
endfacet
facet normal 0.0 0.0 0.0
  outer loop
    vertex 28.205020904541016 -18.407394409179688 0.8534285426139832
    vertex 27.947357177734375 -18.07160186767578 4.906842231750488
    vertex 28.205020904541016 -18.407394409179688 4.906842231750488
  endloop
endfacet
facet normal 0.0 0.0 0.0
  outer loop
    vertex 28.205020904541016 -18.407394409179688 0.8534285426139832
    vertex 28.205020904541016 -18.407394409179688 4.906842231750488
    vertex 28.54081916809082 -18.66504669189453 0.8534285426139832
  endloop
endfacet
facet normal 0.0 0.0 0.0
  outer loop
    vertex 28.54081916809082 -18.66504669189453 0.8534285426139832
    vertex 28.205020904541016 -18.407394409179688 4.906842231750488
    vertex 28.54081916809082 -18.66504669189453 4.906842231750488
  endloop
endfacet
facet normal 0.0 0.0 0.0
  outer loop
    vertex 28.54081916809082 -18.66504669189453 0.8534285426139832
    vertex 28.54081916809082 -18.66504669189453 4.906842231750488
    vertex 28.931859970092773 -18.8270263671875 0.8534285426139832
  endloop
endfacet
facet normal 0.0 0.0 0.0
  outer loop
    vertex 28.931859970092773 -18.8270263671875 0.8534285426139832
    vertex 28.54081916809082 -18.66504669189453 4.906842231750488
    vertex 28.931859970092773 -18.8270263671875 4.906842231750488
  endloop
endfacet
facet normal 0.0 0.0 0.0
  outer loop
    vertex 28.931859970092773 -18.8270263671875 0.8534285426139832
    vertex 28.931859970092773 -18.8270263671875 4.906842231750488
    vertex 29.35150146484375 -18.882286071777344 0.8534285426139832
  endloop
endfacet
facet normal 0.0 0.0 0.0
  outer loop
    vertex 29.35150146484375 -18.882286071777344 0.8534285426139832
    vertex 28.931859970092773 -18.8270263671875 4.906842231750488
    vertex 29.35150146484375 -18.882286071777344 4.906842231750488
  endloop
endfacet
facet normal 0.0 0.0 0.0
  outer loop
    vertex 29.35150146484375 -18.882286071777344 0.8534285426139832
    vertex 29.35150146484375 -18.882286071777344 4.906842231750488
    vertex 29.771142959594727 -18.8270263671875 0.8534285426139832
  endloop
endfacet
facet normal 0.0 0.0 0.0
  outer loop
    vertex 29.771142959594727 -18.8270263671875 0.8534285426139832
    vertex 29.35150146484375 -18.882286071777344 4.906842231750488
    vertex 29.771142959594727 -18.8270263671875 4.906842231750488
  endloop
endfacet
facet normal 0.0 0.0 0.0
  outer loop
    vertex 29.771142959594727 -18.8270263671875 0.8534285426139832
    vertex 29.771142959594727 -18.8270263671875 4.906842231750488
    vertex 30.16218376159668 -18.66504669189453 0.8534285426139832
  endloop
endfacet
facet normal 0.0 0.0 0.0
  outer loop
    vertex 30.16218376159668 -18.66504669189453 0.8534285426139832
    vertex 29.771142959594727 -18.8270263671875 4.906842231750488
    vertex 30.16218376159668 -18.66504669189453 4.906842231750488
  endloop
endfacet
facet normal 0.0 0.0 0.0
  outer loop
    vertex 30.16218376159668 -18.66504669189453 0.8534285426139832
    vertex 30.16218376159668 -18.66504669189453 4.906842231750488
    vertex 30.49797821044922 -18.407394409179688 0.8534285426139832
  endloop
endfacet
facet normal 0.0 0.0 0.0
  outer loop
    vertex 30.49797821044922 -18.407394409179688 0.8534285426139832
    vertex 30.16218376159668 -18.66504669189453 4.906842231750488
    vertex 30.49797821044922 -18.407394409179688 4.906842231750488
  endloop
endfacet
facet normal 0.0 0.0 0.0
  outer loop
    vertex 30.49797821044922 -18.407394409179688 0.8534285426139832
    vertex 30.49797821044922 -18.407394409179688 4.906842231750488
    vertex 30.755643844604492 -18.07160186767578 0.8534285426139832
  endloop
endfacet
facet normal 0.0 0.0 0.0
  outer loop
    vertex 30.755643844604492 -18.07160186767578 0.8534285426139832
    vertex 30.49797821044922 -18.407394409179688 4.906842231750488
    vertex 30.755643844604492 -18.07160186767578 4.906842231750488
  endloop
endfacet
facet normal 0.0 0.0 0.0
  outer loop
    vertex 30.755643844604492 -18.07160186767578 0.8534285426139832
    vertex 30.755643844604492 -18.07160186767578 4.906842231750488
    vertex 30.917619705200195 -17.68054962158203 0.8534285426139832
  endloop
endfacet
facet normal 0.0 0.0 0.0
  outer loop
    vertex 30.917619705200195 -17.68054962158203 0.8534285426139832
    vertex 30.755643844604492 -18.07160186767578 4.906842231750488
    vertex 30.917619705200195 -17.68054962158203 4.906842231750488
  endloop
endfacet
facet normal 0.0 0.0 0.0
  outer loop
    vertex 30.917619705200195 -17.68054962158203 0.8534285426139832
    vertex 30.917619705200195 -17.68054962158203 4.906842231750488
    vertex 30.972867965698242 -17.26091766357422 0.8534285426139832
  endloop
endfacet
facet normal 0.0 0.0 0.0
  outer loop
    vertex 30.972867965698242 -17.26091766357422 0.8534285426139832
    vertex 30.917619705200195 -17.68054962158203 4.906842231750488
    vertex 30.972867965698242 -17.26091766357422 4.906842231750488
  endloop
endfacet
facet normal 0.0 0.0 0.0
  outer loop
    vertex 30.972867965698242 -17.26091766357422 0.8534285426139832
    vertex 30.972867965698242 -17.26091766357422 4.906842231750488
    vertex 30.917619705200195 -16.84124755859375 0.8534285426139832
  endloop
endfacet
facet normal 0.0 0.0 0.0
  outer loop
    vertex 30.917619705200195 -16.84124755859375 0.8534285426139832
    vertex 30.972867965698242 -17.26091766357422 4.906842231750488
    vertex 30.917619705200195 -16.84124755859375 4.906842231750488
  endloop
endfacet
facet normal 0.0 0.0 0.0
  outer loop
    vertex 30.917619705200195 -16.84124755859375 0.8534285426139832
    vertex 30.917619705200195 -16.84124755859375 4.906842231750488
    vertex 30.755643844604492 -16.450233459472656 0.8534285426139832
  endloop
endfacet
facet normal 0.0 0.0 0.0
  outer loop
    vertex 30.755643844604492 -16.450233459472656 0.8534285426139832
    vertex 30.917619705200195 -16.84124755859375 4.906842231750488
    vertex 30.755643844604492 -16.450233459472656 4.906842231750488
  endloop
endfacet
facet normal 0.0 0.0 0.0
  outer loop
    vertex 30.755643844604492 -16.450233459472656 0.8534285426139832
    vertex 30.755643844604492 -16.450233459472656 4.906842231750488
    vertex 30.49797821044922 -16.114444732666016 0.8534285426139832
  endloop
endfacet
facet normal 0.0 0.0 0.0
  outer loop
    vertex 30.49797821044922 -16.114444732666016 0.8534285426139832
    vertex 30.755643844604492 -16.450233459472656 4.906842231750488
    vertex 30.49797821044922 -16.114444732666016 4.906842231750488
  endloop
endfacet
facet normal 0.0 0.0 0.0
  outer loop
    vertex 30.49797821044922 -16.114444732666016 0.8534285426139832
    vertex 30.49797821044922 -16.114444732666016 4.906842231750488
    vertex 30.16218376159668 -15.856749534606934 0.8534285426139832
  endloop
endfacet
facet normal 0.0 0.0 0.0
  outer loop
    vertex 30.16218376159668 -15.856749534606934 0.8534285426139832
    vertex 30.49797821044922 -16.114444732666016 4.906842231750488
    vertex 30.16218376159668 -15.856749534606934 4.906842231750488
  endloop
endfacet
facet normal 0.0 0.0 0.0
  outer loop
    vertex 30.16218376159668 -15.856749534606934 0.8534285426139832
    vertex 30.16218376159668 -15.856749534606934 4.906842231750488
    vertex 29.771142959594727 -15.694771766662598 0.8534285426139832
  endloop
endfacet
facet normal 0.0 0.0 0.0
  outer loop
    vertex 29.771142959594727 -15.694771766662598 0.8534285426139832
    vertex 30.16218376159668 -15.856749534606934 4.906842231750488
    vertex 29.771142959594727 -15.694771766662598 4.906842231750488
  endloop
endfacet
facet normal 0.0 0.0 0.0
  outer loop
    vertex 29.35150146484375 -15.639552116394043 0.8534285426139832
    vertex 28.931859970092773 -15.694771766662598 0.8534285426139832
    vertex 29.771142959594727 -15.694771766662598 0.8534285426139832
  endloop
endfacet
facet normal 0.0 0.0 0.0
  outer loop
    vertex 29.771142959594727 -15.694771766662598 0.8534285426139832
    vertex 28.931859970092773 -15.694771766662598 0.8534285426139832
    vertex 30.16218376159668 -15.856749534606934 0.8534285426139832
  endloop
endfacet
facet normal 0.0 0.0 0.0
  outer loop
    vertex 30.16218376159668 -15.856749534606934 0.8534285426139832
    vertex 28.931859970092773 -15.694771766662598 0.8534285426139832
    vertex 28.54081916809082 -15.856749534606934 0.8534285426139832
  endloop
endfacet
facet normal 0.0 0.0 0.0
  outer loop
    vertex 30.16218376159668 -15.856749534606934 0.8534285426139832
    vertex 28.54081916809082 -15.856749534606934 0.8534285426139832
    vertex 30.49797821044922 -16.114444732666016 0.8534285426139832
  endloop
endfacet
facet normal 0.0 0.0 0.0
  outer loop
    vertex 30.49797821044922 -16.114444732666016 0.8534285426139832
    vertex 28.54081916809082 -15.856749534606934 0.8534285426139832
    vertex 28.205020904541016 -16.114444732666016 0.8534285426139832
  endloop
endfacet
facet normal 0.0 0.0 0.0
  outer loop
    vertex 30.49797821044922 -16.114444732666016 0.8534285426139832
    vertex 28.205020904541016 -16.114444732666016 0.8534285426139832
    vertex 30.755643844604492 -16.450233459472656 0.8534285426139832
  endloop
endfacet
facet normal 0.0 0.0 0.0
  outer loop
    vertex 30.755643844604492 -16.450233459472656 0.8534285426139832
    vertex 28.205020904541016 -16.114444732666016 0.8534285426139832
    vertex 27.947357177734375 -16.450233459472656 0.8534285426139832
  endloop
endfacet
facet normal 0.0 0.0 0.0
  outer loop
    vertex 30.755643844604492 -16.450233459472656 0.8534285426139832
    vertex 27.947357177734375 -16.450233459472656 0.8534285426139832
    vertex 30.917619705200195 -16.84124755859375 0.8534285426139832
  endloop
endfacet
facet normal 0.0 0.0 0.0
  outer loop
    vertex 30.917619705200195 -16.84124755859375 0.8534285426139832
    vertex 27.947357177734375 -16.450233459472656 0.8534285426139832
    vertex 27.785383224487305 -16.84124755859375 0.8534285426139832
  endloop
endfacet
facet normal 0.0 0.0 0.0
  outer loop
    vertex 30.917619705200195 -16.84124755859375 0.8534285426139832
    vertex 27.785383224487305 -16.84124755859375 0.8534285426139832
    vertex 30.972867965698242 -17.26091766357422 0.8534285426139832
  endloop
endfacet
facet normal 0.0 0.0 0.0
  outer loop
    vertex 30.972867965698242 -17.26091766357422 0.8534285426139832
    vertex 27.785383224487305 -16.84124755859375 0.8534285426139832
    vertex 27.73013687133789 -17.26091766357422 0.8534285426139832
  endloop
endfacet
facet normal 0.0 0.0 0.0
  outer loop
    vertex 30.972867965698242 -17.26091766357422 0.8534285426139832
    vertex 27.73013687133789 -17.26091766357422 0.8534285426139832
    vertex 30.917619705200195 -17.68054962158203 0.8534285426139832
  endloop
endfacet
facet normal 0.0 0.0 0.0
  outer loop
    vertex 30.917619705200195 -17.68054962158203 0.8534285426139832
    vertex 27.73013687133789 -17.26091766357422 0.8534285426139832
    vertex 27.785383224487305 -17.68054962158203 0.8534285426139832
  endloop
endfacet
facet normal 0.0 0.0 0.0
  outer loop
    vertex 30.917619705200195 -17.68054962158203 0.8534285426139832
    vertex 27.785383224487305 -17.68054962158203 0.8534285426139832
    vertex 30.755643844604492 -18.07160186767578 0.8534285426139832
  endloop
endfacet
facet normal 0.0 0.0 0.0
  outer loop
    vertex 30.755643844604492 -18.07160186767578 0.8534285426139832
    vertex 27.785383224487305 -17.68054962158203 0.8534285426139832
    vertex 27.947357177734375 -18.07160186767578 0.8534285426139832
  endloop
endfacet
facet normal 0.0 0.0 0.0
  outer loop
    vertex 30.755643844604492 -18.07160186767578 0.8534285426139832
    vertex 27.947357177734375 -18.07160186767578 0.8534285426139832
    vertex 30.49797821044922 -18.407394409179688 0.8534285426139832
  endloop
endfacet
facet normal 0.0 0.0 0.0
  outer loop
    vertex 30.49797821044922 -18.407394409179688 0.8534285426139832
    vertex 27.947357177734375 -18.07160186767578 0.8534285426139832
    vertex 28.205020904541016 -18.407394409179688 0.8534285426139832
  endloop
endfacet
facet normal 0.0 0.0 0.0
  outer loop
    vertex 30.49797821044922 -18.407394409179688 0.8534285426139832
    vertex 28.205020904541016 -18.407394409179688 0.8534285426139832
    vertex 30.16218376159668 -18.66504669189453 0.8534285426139832
  endloop
endfacet
facet normal 0.0 0.0 0.0
  outer loop
    vertex 30.16218376159668 -18.66504669189453 0.8534285426139832
    vertex 28.205020904541016 -18.407394409179688 0.8534285426139832
    vertex 28.54081916809082 -18.66504669189453 0.8534285426139832
  endloop
endfacet
facet normal 0.0 0.0 0.0
  outer loop
    vertex 30.16218376159668 -18.66504669189453 0.8534285426139832
    vertex 28.54081916809082 -18.66504669189453 0.8534285426139832
    vertex 29.771142959594727 -18.8270263671875 0.8534285426139832
  endloop
endfacet
facet normal 0.0 0.0 0.0
  outer loop
    vertex 29.771142959594727 -18.8270263671875 0.8534285426139832
    vertex 28.54081916809082 -18.66504669189453 0.8534285426139832
    vertex 28.931859970092773 -18.8270263671875 0.8534285426139832
  endloop
endfacet
facet normal 0.0 0.0 0.0
  outer loop
    vertex 29.771142959594727 -18.8270263671875 0.8534285426139832
    vertex 28.931859970092773 -18.8270263671875 0.8534285426139832
    vertex 29.35150146484375 -18.882286071777344 0.8534285426139832
  endloop
endfacet
facet normal 0.0 0.0 0.0
  outer loop
    vertex 20.271854400634766 -17.26091766357422 4.9068427085876465
    vertex 20.271854400634766 -17.26091766357422 -3.1999855041503906
    vertex 20.581235885620117 -19.61090850830078 4.9068427085876465
  endloop
endfacet
facet normal 0.0 0.0 0.0
  outer loop
    vertex 20.581235885620117 -19.61090850830078 4.9068427085876465
    vertex 20.271854400634766 -17.26091766357422 -3.1999855041503906
    vertex 20.581235885620117 -19.61090850830078 -3.1999855041503906
  endloop
endfacet
facet normal 0.0 0.0 0.0
  outer loop
    vertex 20.581235885620117 -19.61090850830078 4.9068427085876465
    vertex 20.581235885620117 -19.61090850830078 -3.1999855041503906
    vertex 21.488296508789062 -21.800743103027344 4.9068427085876465
  endloop
endfacet
facet normal 0.0 0.0 0.0
  outer loop
    vertex 21.488296508789062 -21.800743103027344 4.9068427085876465
    vertex 20.581235885620117 -19.61090850830078 -3.1999855041503906
    vertex 21.488296508789062 -21.800743103027344 -3.1999855041503906
  endloop
endfacet
facet normal 0.0 0.0 0.0
  outer loop
    vertex 21.488296508789062 -21.800743103027344 4.9068427085876465
    vertex 21.488296508789062 -21.800743103027344 -3.1999855041503906
    vertex 22.931222915649414 -23.68118667602539 4.9068427085876465
  endloop
endfacet
facet normal 0.0 0.0 0.0
  outer loop
    vertex 22.931222915649414 -23.68118667602539 4.9068427085876465
    vertex 21.488296508789062 -21.800743103027344 -3.1999855041503906
    vertex 22.931222915649414 -23.68118667602539 -3.1999855041503906
  endloop
endfacet
facet normal 0.0 0.0 0.0
  outer loop
    vertex 22.931222915649414 -23.68118667602539 4.9068427085876465
    vertex 22.931222915649414 -23.68118667602539 -3.1999855041503906
    vertex 24.811677932739258 -25.124107360839844 4.906842231750488
  endloop
endfacet
facet normal 0.0 0.0 0.0
  outer loop
    vertex 24.811677932739258 -25.124107360839844 4.906842231750488
    vertex 22.931222915649414 -23.68118667602539 -3.1999855041503906
    vertex 24.811677932739258 -25.124107360839844 -3.1999855041503906
  endloop
endfacet
facet normal 0.0 0.0 0.0
  outer loop
    vertex 24.811677932739258 -25.124107360839844 4.906842231750488
    vertex 24.811677932739258 -25.124107360839844 -3.1999855041503906
    vertex 27.001516342163086 -26.031177520751953 4.906842231750488
  endloop
endfacet
facet normal 0.0 0.0 0.0
  outer loop
    vertex 27.001516342163086 -26.031177520751953 4.906842231750488
    vertex 24.811677932739258 -25.124107360839844 -3.1999855041503906
    vertex 27.001516342163086 -26.031177520751953 -3.1999855041503906
  endloop
endfacet
facet normal 0.0 0.0 0.0
  outer loop
    vertex 27.001516342163086 -26.031177520751953 4.906842231750488
    vertex 27.001516342163086 -26.031177520751953 -3.1999855041503906
    vertex 29.35150146484375 -26.340564727783203 4.906842231750488
  endloop
endfacet
facet normal 0.0 0.0 0.0
  outer loop
    vertex 29.35150146484375 -26.340564727783203 4.906842231750488
    vertex 27.001516342163086 -26.031177520751953 -3.1999855041503906
    vertex 29.35150146484375 -26.340564727783203 -3.1999855041503906
  endloop
endfacet
facet normal 0.0 0.0 0.0
  outer loop
    vertex 29.35150146484375 -26.340564727783203 4.906842231750488
    vertex 29.35150146484375 -26.340564727783203 -3.1999855041503906
    vertex 31.701486587524414 -26.031177520751953 4.906842231750488
  endloop
endfacet
facet normal 0.0 0.0 0.0
  outer loop
    vertex 31.701486587524414 -26.031177520751953 4.906842231750488
    vertex 29.35150146484375 -26.340564727783203 -3.1999855041503906
    vertex 31.701486587524414 -26.031177520751953 -3.1999855041503906
  endloop
endfacet
facet normal 0.0 0.0 0.0
  outer loop
    vertex 31.701486587524414 -26.031177520751953 4.906842231750488
    vertex 31.701486587524414 -26.031177520751953 -3.1999855041503906
    vertex 33.891326904296875 -25.124107360839844 4.906842231750488
  endloop
endfacet
facet normal 0.0 0.0 0.0
  outer loop
    vertex 33.891326904296875 -25.124107360839844 4.906842231750488
    vertex 31.701486587524414 -26.031177520751953 -3.1999855041503906
    vertex 33.891326904296875 -25.124107360839844 -3.1999855041503906
  endloop
endfacet
facet normal 0.0 0.0 0.0
  outer loop
    vertex 33.891326904296875 -25.124107360839844 4.906842231750488
    vertex 33.891326904296875 -25.124107360839844 -3.1999855041503906
    vertex 35.77178192138672 -23.68118667602539 4.906842231750488
  endloop
endfacet
facet normal 0.0 0.0 0.0
  outer loop
    vertex 35.77178192138672 -23.68118667602539 4.906842231750488
    vertex 33.891326904296875 -25.124107360839844 -3.1999855041503906
    vertex 35.77178192138672 -23.68118667602539 -3.1999855041503906
  endloop
endfacet
facet normal 0.0 0.0 0.0
  outer loop
    vertex 35.77178192138672 -23.68118667602539 4.906842231750488
    vertex 35.77178192138672 -23.68118667602539 -3.1999855041503906
    vertex 37.2147102355957 -21.800743103027344 4.906842231750488
  endloop
endfacet
facet normal 0.0 0.0 0.0
  outer loop
    vertex 37.2147102355957 -21.800743103027344 4.906842231750488
    vertex 35.77178192138672 -23.68118667602539 -3.1999855041503906
    vertex 37.2147102355957 -21.800743103027344 -3.1999855041503906
  endloop
endfacet
facet normal 0.0 0.0 0.0
  outer loop
    vertex 37.2147102355957 -21.800743103027344 4.906842231750488
    vertex 37.2147102355957 -21.800743103027344 -3.1999855041503906
    vertex 38.121768951416016 -19.61090850830078 4.906842231750488
  endloop
endfacet
facet normal 0.0 0.0 0.0
  outer loop
    vertex 38.121768951416016 -19.61090850830078 4.906842231750488
    vertex 37.2147102355957 -21.800743103027344 -3.1999855041503906
    vertex 38.121768951416016 -19.61090850830078 -3.1999855041503906
  endloop
endfacet
facet normal 0.0 0.0 0.0
  outer loop
    vertex 38.121768951416016 -19.61090850830078 4.906842231750488
    vertex 38.121768951416016 -19.61090850830078 -3.1999855041503906
    vertex 38.43115234375 -17.26091766357422 4.906842231750488
  endloop
endfacet
facet normal 0.0 0.0 0.0
  outer loop
    vertex 38.43115234375 -17.26091766357422 4.906842231750488
    vertex 38.121768951416016 -19.61090850830078 -3.1999855041503906
    vertex 38.43115234375 -17.26091766357422 -3.1999855041503906
  endloop
endfacet
facet normal 0.0 0.0 0.0
  outer loop
    vertex 38.43115234375 -17.26091766357422 4.906842231750488
    vertex 38.43115234375 -17.26091766357422 -3.1999855041503906
    vertex 38.121768951416016 -14.910927772521973 4.906842231750488
  endloop
endfacet
facet normal 0.0 0.0 0.0
  outer loop
    vertex 38.121768951416016 -14.910927772521973 4.906842231750488
    vertex 38.43115234375 -17.26091766357422 -3.1999855041503906
    vertex 38.121768951416016 -14.910927772521973 -3.1999855041503906
  endloop
endfacet
facet normal 0.0 0.0 0.0
  outer loop
    vertex 38.121768951416016 -14.910927772521973 4.906842231750488
    vertex 38.121768951416016 -14.910927772521973 -3.1999855041503906
    vertex 37.2147102355957 -12.721095085144043 4.906842231750488
  endloop
endfacet
facet normal 0.0 0.0 0.0
  outer loop
    vertex 37.2147102355957 -12.721095085144043 4.906842231750488
    vertex 38.121768951416016 -14.910927772521973 -3.1999855041503906
    vertex 37.2147102355957 -12.721095085144043 -3.1999855041503906
  endloop
endfacet
facet normal 0.0 0.0 0.0
  outer loop
    vertex 37.2147102355957 -12.721095085144043 4.906842231750488
    vertex 37.2147102355957 -12.721095085144043 -3.1999855041503906
    vertex 35.77178192138672 -10.840611457824707 4.906842231750488
  endloop
endfacet
facet normal 0.0 0.0 0.0
  outer loop
    vertex 35.77178192138672 -10.840611457824707 4.906842231750488
    vertex 37.2147102355957 -12.721095085144043 -3.1999855041503906
    vertex 35.77178192138672 -10.840611457824707 -3.1999855041503906
  endloop
endfacet
facet normal 0.0 0.0 0.0
  outer loop
    vertex 35.77178192138672 -10.840611457824707 4.906842231750488
    vertex 35.77178192138672 -10.840611457824707 -3.1999855041503906
    vertex 33.891326904296875 -9.397690773010254 4.906842231750488
  endloop
endfacet
facet normal 0.0 0.0 0.0
  outer loop
    vertex 33.891326904296875 -9.397690773010254 4.906842231750488
    vertex 35.77178192138672 -10.840611457824707 -3.1999855041503906
    vertex 33.891326904296875 -9.397690773010254 -3.1999855041503906
  endloop
endfacet
facet normal 0.0 0.0 0.0
  outer loop
    vertex 33.891326904296875 -9.397690773010254 4.906842231750488
    vertex 33.891326904296875 -9.397690773010254 -3.1999855041503906
    vertex 31.701486587524414 -8.490620613098145 4.906842231750488
  endloop
endfacet
facet normal 0.0 0.0 0.0
  outer loop
    vertex 31.701486587524414 -8.490620613098145 4.906842231750488
    vertex 33.891326904296875 -9.397690773010254 -3.1999855041503906
    vertex 31.701486587524414 -8.490620613098145 -3.1999855041503906
  endloop
endfacet
facet normal 0.0 0.0 0.0
  outer loop
    vertex 31.701486587524414 -8.490620613098145 4.906842231750488
    vertex 31.701486587524414 -8.490620613098145 -3.1999855041503906
    vertex 29.35150146484375 -8.18127155303955 4.906842231750488
  endloop
endfacet
facet normal 0.0 0.0 0.0
  outer loop
    vertex 29.35150146484375 -8.18127155303955 4.906842231750488
    vertex 31.701486587524414 -8.490620613098145 -3.1999855041503906
    vertex 29.35150146484375 -8.18127155303955 -3.1999855041503906
  endloop
endfacet
facet normal 0.0 0.0 0.0
  outer loop
    vertex 29.35150146484375 -8.18127155303955 4.906842231750488
    vertex 29.35150146484375 -8.18127155303955 -3.1999855041503906
    vertex 27.001516342163086 -8.490620613098145 4.906842231750488
  endloop
endfacet
facet normal 0.0 0.0 0.0
  outer loop
    vertex 27.001516342163086 -8.490620613098145 4.906842231750488
    vertex 29.35150146484375 -8.18127155303955 -3.1999855041503906
    vertex 27.001516342163086 -8.490620613098145 -3.1999855041503906
  endloop
endfacet
facet normal 0.0 0.0 0.0
  outer loop
    vertex 27.001516342163086 -8.490620613098145 4.906842231750488
    vertex 27.001516342163086 -8.490620613098145 -3.1999855041503906
    vertex 24.811677932739258 -9.397690773010254 4.906842231750488
  endloop
endfacet
facet normal 0.0 0.0 0.0
  outer loop
    vertex 24.811677932739258 -9.397690773010254 4.906842231750488
    vertex 27.001516342163086 -8.490620613098145 -3.1999855041503906
    vertex 24.811677932739258 -9.397690773010254 -3.1999855041503906
  endloop
endfacet
facet normal 0.0 0.0 0.0
  outer loop
    vertex 24.811677932739258 -9.397690773010254 4.906842231750488
    vertex 24.811677932739258 -9.397690773010254 -3.1999855041503906
    vertex 22.931222915649414 -10.840611457824707 4.9068427085876465
  endloop
endfacet
facet normal 0.0 0.0 0.0
  outer loop
    vertex 22.931222915649414 -10.840611457824707 4.9068427085876465
    vertex 24.811677932739258 -9.397690773010254 -3.1999855041503906
    vertex 22.931222915649414 -10.840611457824707 -3.1999855041503906
  endloop
endfacet
facet normal 0.0 0.0 0.0
  outer loop
    vertex 22.931222915649414 -10.840611457824707 4.9068427085876465
    vertex 22.931222915649414 -10.840611457824707 -3.1999855041503906
    vertex 21.488296508789062 -12.721095085144043 4.9068427085876465
  endloop
endfacet
facet normal 0.0 0.0 0.0
  outer loop
    vertex 21.488296508789062 -12.721095085144043 4.9068427085876465
    vertex 22.931222915649414 -10.840611457824707 -3.1999855041503906
    vertex 21.488296508789062 -12.721095085144043 -3.1999855041503906
  endloop
endfacet
facet normal 0.0 0.0 0.0
  outer loop
    vertex 21.488296508789062 -12.721095085144043 4.9068427085876465
    vertex 21.488296508789062 -12.721095085144043 -3.1999855041503906
    vertex 20.581235885620117 -14.910927772521973 4.9068427085876465
  endloop
endfacet
facet normal 0.0 0.0 0.0
  outer loop
    vertex 20.581235885620117 -14.910927772521973 4.9068427085876465
    vertex 21.488296508789062 -12.721095085144043 -3.1999855041503906
    vertex 20.581235885620117 -14.910927772521973 -3.1999855041503906
  endloop
endfacet
facet normal 0.0 0.0 0.0
  outer loop
    vertex 20.581235885620117 -14.910927772521973 4.9068427085876465
    vertex 20.581235885620117 -14.910927772521973 -3.1999855041503906
    vertex 20.271854400634766 -17.26091766357422 4.9068427085876465
  endloop
endfacet
facet normal 0.0 0.0 0.0
  outer loop
    vertex 20.271854400634766 -17.26091766357422 4.9068427085876465
    vertex 20.581235885620117 -14.910927772521973 -3.1999855041503906
    vertex 20.271854400634766 -17.26091766357422 -3.1999855041503906
  endloop
endfacet
facet normal 0.0 0.0 0.0
  outer loop
    vertex 29.771142959594727 -15.694771766662598 4.906842231750488
    vertex 31.701486587524414 -8.490620613098145 4.906842231750488
    vertex 29.35150146484375 -15.639552116394043 4.906842231750488
  endloop
endfacet
facet normal 0.0 0.0 0.0
  outer loop
    vertex 29.35150146484375 -15.639552116394043 4.906842231750488
    vertex 31.701486587524414 -8.490620613098145 4.906842231750488
    vertex 29.35150146484375 -8.18127155303955 4.906842231750488
  endloop
endfacet
facet normal 0.0 0.0 0.0
  outer loop
    vertex 29.35150146484375 -15.639552116394043 4.906842231750488
    vertex 29.35150146484375 -8.18127155303955 4.906842231750488
    vertex 27.001516342163086 -8.490620613098145 4.906842231750488
  endloop
endfacet
facet normal 0.0 0.0 0.0
  outer loop
    vertex 31.701486587524414 -8.490620613098145 4.906842231750488
    vertex 29.771142959594727 -15.694771766662598 4.906842231750488
    vertex 33.891326904296875 -9.397690773010254 4.906842231750488
  endloop
endfacet
facet normal 0.0 0.0 0.0
  outer loop
    vertex 33.891326904296875 -9.397690773010254 4.906842231750488
    vertex 29.771142959594727 -15.694771766662598 4.906842231750488
    vertex 30.16218376159668 -15.856749534606934 4.906842231750488
  endloop
endfacet
facet normal 0.0 0.0 0.0
  outer loop
    vertex 33.891326904296875 -9.397690773010254 4.906842231750488
    vertex 30.16218376159668 -15.856749534606934 4.906842231750488
    vertex 35.77178192138672 -10.840611457824707 4.906842231750488
  endloop
endfacet
facet normal 0.0 0.0 0.0
  outer loop
    vertex 35.77178192138672 -10.840611457824707 4.906842231750488
    vertex 30.16218376159668 -15.856749534606934 4.906842231750488
    vertex 30.49797821044922 -16.114444732666016 4.906842231750488
  endloop
endfacet
facet normal 0.0 0.0 0.0
  outer loop
    vertex 35.77178192138672 -10.840611457824707 4.906842231750488
    vertex 30.49797821044922 -16.114444732666016 4.906842231750488
    vertex 37.2147102355957 -12.721095085144043 4.906842231750488
  endloop
endfacet
facet normal 0.0 0.0 0.0
  outer loop
    vertex 37.2147102355957 -12.721095085144043 4.906842231750488
    vertex 30.49797821044922 -16.114444732666016 4.906842231750488
    vertex 30.755643844604492 -16.450233459472656 4.906842231750488
  endloop
endfacet
facet normal 0.0 0.0 0.0
  outer loop
    vertex 37.2147102355957 -12.721095085144043 4.906842231750488
    vertex 30.755643844604492 -16.450233459472656 4.906842231750488
    vertex 38.121768951416016 -14.910927772521973 4.906842231750488
  endloop
endfacet
facet normal 0.0 0.0 0.0
  outer loop
    vertex 38.121768951416016 -14.910927772521973 4.906842231750488
    vertex 30.755643844604492 -16.450233459472656 4.906842231750488
    vertex 30.917619705200195 -16.84124755859375 4.906842231750488
  endloop
endfacet
facet normal 0.0 0.0 0.0
  outer loop
    vertex 38.121768951416016 -14.910927772521973 4.906842231750488
    vertex 30.917619705200195 -16.84124755859375 4.906842231750488
    vertex 38.43115234375 -17.26091766357422 4.906842231750488
  endloop
endfacet
facet normal 0.0 0.0 0.0
  outer loop
    vertex 38.43115234375 -17.26091766357422 4.906842231750488
    vertex 30.917619705200195 -16.84124755859375 4.906842231750488
    vertex 30.972867965698242 -17.26091766357422 4.906842231750488
  endloop
endfacet
facet normal 0.0 0.0 0.0
  outer loop
    vertex 38.43115234375 -17.26091766357422 4.906842231750488
    vertex 30.972867965698242 -17.26091766357422 4.906842231750488
    vertex 30.917619705200195 -17.68054962158203 4.906842231750488
  endloop
endfacet
facet normal 0.0 0.0 0.0
  outer loop
    vertex 38.43115234375 -17.26091766357422 4.906842231750488
    vertex 30.917619705200195 -17.68054962158203 4.906842231750488
    vertex 38.121768951416016 -19.61090850830078 4.906842231750488
  endloop
endfacet
facet normal 0.0 0.0 0.0
  outer loop
    vertex 38.121768951416016 -19.61090850830078 4.906842231750488
    vertex 30.917619705200195 -17.68054962158203 4.906842231750488
    vertex 30.755643844604492 -18.07160186767578 4.906842231750488
  endloop
endfacet
facet normal 0.0 0.0 0.0
  outer loop
    vertex 38.121768951416016 -19.61090850830078 4.906842231750488
    vertex 30.755643844604492 -18.07160186767578 4.906842231750488
    vertex 37.2147102355957 -21.800743103027344 4.906842231750488
  endloop
endfacet
facet normal 0.0 0.0 0.0
  outer loop
    vertex 37.2147102355957 -21.800743103027344 4.906842231750488
    vertex 30.755643844604492 -18.07160186767578 4.906842231750488
    vertex 30.49797821044922 -18.407394409179688 4.906842231750488
  endloop
endfacet
facet normal 0.0 0.0 0.0
  outer loop
    vertex 37.2147102355957 -21.800743103027344 4.906842231750488
    vertex 30.49797821044922 -18.407394409179688 4.906842231750488
    vertex 35.77178192138672 -23.68118667602539 4.906842231750488
  endloop
endfacet
facet normal 0.0 0.0 0.0
  outer loop
    vertex 35.77178192138672 -23.68118667602539 4.906842231750488
    vertex 30.49797821044922 -18.407394409179688 4.906842231750488
    vertex 30.16218376159668 -18.66504669189453 4.906842231750488
  endloop
endfacet
facet normal 0.0 0.0 0.0
  outer loop
    vertex 35.77178192138672 -23.68118667602539 4.906842231750488
    vertex 30.16218376159668 -18.66504669189453 4.906842231750488
    vertex 33.891326904296875 -25.124107360839844 4.906842231750488
  endloop
endfacet
facet normal 0.0 0.0 0.0
  outer loop
    vertex 33.891326904296875 -25.124107360839844 4.906842231750488
    vertex 30.16218376159668 -18.66504669189453 4.906842231750488
    vertex 29.771142959594727 -18.8270263671875 4.906842231750488
  endloop
endfacet
facet normal 0.0 0.0 0.0
  outer loop
    vertex 33.891326904296875 -25.124107360839844 4.906842231750488
    vertex 29.771142959594727 -18.8270263671875 4.906842231750488
    vertex 31.701486587524414 -26.031177520751953 4.906842231750488
  endloop
endfacet
facet normal 0.0 0.0 0.0
  outer loop
    vertex 31.701486587524414 -26.031177520751953 4.906842231750488
    vertex 29.771142959594727 -18.8270263671875 4.906842231750488
    vertex 29.35150146484375 -18.882286071777344 4.906842231750488
  endloop
endfacet
facet normal 0.0 0.0 0.0
  outer loop
    vertex 31.701486587524414 -26.031177520751953 4.906842231750488
    vertex 29.35150146484375 -18.882286071777344 4.906842231750488
    vertex 29.35150146484375 -26.340564727783203 4.906842231750488
  endloop
endfacet
facet normal 0.0 0.0 0.0
  outer loop
    vertex 29.35150146484375 -26.340564727783203 4.906842231750488
    vertex 29.35150146484375 -18.882286071777344 4.906842231750488
    vertex 27.001516342163086 -26.031177520751953 4.906842231750488
  endloop
endfacet
facet normal 0.0 0.0 0.0
  outer loop
    vertex 27.001516342163086 -26.031177520751953 4.906842231750488
    vertex 29.35150146484375 -18.882286071777344 4.906842231750488
    vertex 28.931859970092773 -18.8270263671875 4.906842231750488
  endloop
endfacet
facet normal 0.0 0.0 0.0
  outer loop
    vertex 27.001516342163086 -26.031177520751953 4.906842231750488
    vertex 28.931859970092773 -18.8270263671875 4.906842231750488
    vertex 24.811677932739258 -25.124107360839844 4.906842231750488
  endloop
endfacet
facet normal 0.0 0.0 0.0
  outer loop
    vertex 24.811677932739258 -25.124107360839844 4.906842231750488
    vertex 28.931859970092773 -18.8270263671875 4.906842231750488
    vertex 28.54081916809082 -18.66504669189453 4.906842231750488
  endloop
endfacet
facet normal 0.0 0.0 0.0
  outer loop
    vertex 24.811677932739258 -25.124107360839844 4.906842231750488
    vertex 28.54081916809082 -18.66504669189453 4.906842231750488
    vertex 22.931222915649414 -23.68118667602539 4.9068427085876465
  endloop
endfacet
facet normal 0.0 0.0 0.0
  outer loop
    vertex 22.931222915649414 -23.68118667602539 4.9068427085876465
    vertex 28.54081916809082 -18.66504669189453 4.906842231750488
    vertex 28.205020904541016 -18.407394409179688 4.906842231750488
  endloop
endfacet
facet normal 0.0 0.0 0.0
  outer loop
    vertex 22.931222915649414 -23.68118667602539 4.9068427085876465
    vertex 28.205020904541016 -18.407394409179688 4.906842231750488
    vertex 21.488296508789062 -21.800743103027344 4.9068427085876465
  endloop
endfacet
facet normal 0.0 0.0 0.0
  outer loop
    vertex 21.488296508789062 -21.800743103027344 4.9068427085876465
    vertex 28.205020904541016 -18.407394409179688 4.906842231750488
    vertex 27.947357177734375 -18.07160186767578 4.906842231750488
  endloop
endfacet
facet normal 0.0 0.0 0.0
  outer loop
    vertex 21.488296508789062 -21.800743103027344 4.9068427085876465
    vertex 27.947357177734375 -18.07160186767578 4.906842231750488
    vertex 20.581235885620117 -19.61090850830078 4.9068427085876465
  endloop
endfacet
facet normal 0.0 0.0 0.0
  outer loop
    vertex 20.581235885620117 -19.61090850830078 4.9068427085876465
    vertex 27.947357177734375 -18.07160186767578 4.906842231750488
    vertex 27.785383224487305 -17.68054962158203 4.906842231750488
  endloop
endfacet
facet normal 0.0 0.0 0.0
  outer loop
    vertex 20.581235885620117 -19.61090850830078 4.9068427085876465
    vertex 27.785383224487305 -17.68054962158203 4.906842231750488
    vertex 20.271854400634766 -17.26091766357422 4.9068427085876465
  endloop
endfacet
facet normal 0.0 0.0 0.0
  outer loop
    vertex 20.271854400634766 -17.26091766357422 4.9068427085876465
    vertex 27.785383224487305 -17.68054962158203 4.906842231750488
    vertex 27.73013687133789 -17.26091766357422 4.906842231750488
  endloop
endfacet
facet normal 0.0 0.0 0.0
  outer loop
    vertex 20.271854400634766 -17.26091766357422 4.9068427085876465
    vertex 27.73013687133789 -17.26091766357422 4.906842231750488
    vertex 20.581235885620117 -14.910927772521973 4.9068427085876465
  endloop
endfacet
facet normal 0.0 0.0 0.0
  outer loop
    vertex 20.581235885620117 -14.910927772521973 4.9068427085876465
    vertex 27.73013687133789 -17.26091766357422 4.906842231750488
    vertex 27.785383224487305 -16.84124755859375 4.906842231750488
  endloop
endfacet
facet normal 0.0 0.0 0.0
  outer loop
    vertex 20.581235885620117 -14.910927772521973 4.9068427085876465
    vertex 27.785383224487305 -16.84124755859375 4.906842231750488
    vertex 27.947357177734375 -16.450233459472656 4.906842231750488
  endloop
endfacet
facet normal 0.0 0.0 0.0
  outer loop
    vertex 20.581235885620117 -14.910927772521973 4.9068427085876465
    vertex 27.947357177734375 -16.450233459472656 4.906842231750488
    vertex 21.488296508789062 -12.721095085144043 4.9068427085876465
  endloop
endfacet
facet normal 0.0 0.0 0.0
  outer loop
    vertex 21.488296508789062 -12.721095085144043 4.9068427085876465
    vertex 27.947357177734375 -16.450233459472656 4.906842231750488
    vertex 28.205020904541016 -16.114444732666016 4.906842231750488
  endloop
endfacet
facet normal 0.0 0.0 0.0
  outer loop
    vertex 21.488296508789062 -12.721095085144043 4.9068427085876465
    vertex 28.205020904541016 -16.114444732666016 4.906842231750488
    vertex 22.931222915649414 -10.840611457824707 4.9068427085876465
  endloop
endfacet
facet normal 0.0 0.0 0.0
  outer loop
    vertex 22.931222915649414 -10.840611457824707 4.9068427085876465
    vertex 28.205020904541016 -16.114444732666016 4.906842231750488
    vertex 28.54081916809082 -15.856749534606934 4.906842231750488
  endloop
endfacet
facet normal 0.0 0.0 0.0
  outer loop
    vertex 22.931222915649414 -10.840611457824707 4.9068427085876465
    vertex 28.54081916809082 -15.856749534606934 4.906842231750488
    vertex 24.811677932739258 -9.397690773010254 4.906842231750488
  endloop
endfacet
facet normal 0.0 0.0 0.0
  outer loop
    vertex 24.811677932739258 -9.397690773010254 4.906842231750488
    vertex 28.54081916809082 -15.856749534606934 4.906842231750488
    vertex 28.931859970092773 -15.694771766662598 4.906842231750488
  endloop
endfacet
facet normal 0.0 0.0 0.0
  outer loop
    vertex 24.811677932739258 -9.397690773010254 4.906842231750488
    vertex 28.931859970092773 -15.694771766662598 4.906842231750488
    vertex 27.001516342163086 -8.490620613098145 4.906842231750488
  endloop
endfacet
facet normal 0.0 0.0 0.0
  outer loop
    vertex 27.001516342163086 -8.490620613098145 4.906842231750488
    vertex 28.931859970092773 -15.694771766662598 4.906842231750488
    vertex 29.35150146484375 -15.639552116394043 4.906842231750488
  endloop
endfacet
facet normal 0.0 0.0 0.0
  outer loop
    vertex 20.581235885620117 -14.910927772521973 -3.1999855041503906
    vertex 38.121768951416016 -14.910927772521973 -3.1999855041503906
    vertex 20.271854400634766 -17.26091766357422 -3.1999855041503906
  endloop
endfacet
facet normal 0.0 0.0 0.0
  outer loop
    vertex 20.271854400634766 -17.26091766357422 -3.1999855041503906
    vertex 38.121768951416016 -14.910927772521973 -3.1999855041503906
    vertex 38.43115234375 -17.26091766357422 -3.1999855041503906
  endloop
endfacet
facet normal 0.0 0.0 0.0
  outer loop
    vertex 20.271854400634766 -17.26091766357422 -3.1999855041503906
    vertex 38.43115234375 -17.26091766357422 -3.1999855041503906
    vertex 20.581235885620117 -19.61090850830078 -3.1999855041503906
  endloop
endfacet
facet normal 0.0 0.0 0.0
  outer loop
    vertex 20.581235885620117 -19.61090850830078 -3.1999855041503906
    vertex 38.43115234375 -17.26091766357422 -3.1999855041503906
    vertex 38.121768951416016 -19.61090850830078 -3.1999855041503906
  endloop
endfacet
facet normal 0.0 0.0 0.0
  outer loop
    vertex 20.581235885620117 -19.61090850830078 -3.1999855041503906
    vertex 38.121768951416016 -19.61090850830078 -3.1999855041503906
    vertex 21.488296508789062 -21.800743103027344 -3.1999855041503906
  endloop
endfacet
facet normal 0.0 0.0 0.0
  outer loop
    vertex 21.488296508789062 -21.800743103027344 -3.1999855041503906
    vertex 38.121768951416016 -19.61090850830078 -3.1999855041503906
    vertex 37.2147102355957 -21.800743103027344 -3.1999855041503906
  endloop
endfacet
facet normal 0.0 0.0 0.0
  outer loop
    vertex 21.488296508789062 -21.800743103027344 -3.1999855041503906
    vertex 37.2147102355957 -21.800743103027344 -3.1999855041503906
    vertex 22.931222915649414 -23.68118667602539 -3.1999855041503906
  endloop
endfacet
facet normal 0.0 0.0 0.0
  outer loop
    vertex 22.931222915649414 -23.68118667602539 -3.1999855041503906
    vertex 37.2147102355957 -21.800743103027344 -3.1999855041503906
    vertex 35.77178192138672 -23.68118667602539 -3.1999855041503906
  endloop
endfacet
facet normal 0.0 0.0 0.0
  outer loop
    vertex 22.931222915649414 -23.68118667602539 -3.1999855041503906
    vertex 35.77178192138672 -23.68118667602539 -3.1999855041503906
    vertex 24.811677932739258 -25.124107360839844 -3.1999855041503906
  endloop
endfacet
facet normal 0.0 0.0 0.0
  outer loop
    vertex 24.811677932739258 -25.124107360839844 -3.1999855041503906
    vertex 35.77178192138672 -23.68118667602539 -3.1999855041503906
    vertex 33.891326904296875 -25.124107360839844 -3.1999855041503906
  endloop
endfacet
facet normal 0.0 0.0 0.0
  outer loop
    vertex 24.811677932739258 -25.124107360839844 -3.1999855041503906
    vertex 33.891326904296875 -25.124107360839844 -3.1999855041503906
    vertex 27.001516342163086 -26.031177520751953 -3.1999855041503906
  endloop
endfacet
facet normal 0.0 0.0 0.0
  outer loop
    vertex 27.001516342163086 -26.031177520751953 -3.1999855041503906
    vertex 33.891326904296875 -25.124107360839844 -3.1999855041503906
    vertex 31.701486587524414 -26.031177520751953 -3.1999855041503906
  endloop
endfacet
facet normal 0.0 0.0 0.0
  outer loop
    vertex 27.001516342163086 -26.031177520751953 -3.1999855041503906
    vertex 31.701486587524414 -26.031177520751953 -3.1999855041503906
    vertex 29.35150146484375 -26.340564727783203 -3.1999855041503906
  endloop
endfacet
facet normal 0.0 0.0 0.0
  outer loop
    vertex 38.121768951416016 -14.910927772521973 -3.1999855041503906
    vertex 20.581235885620117 -14.910927772521973 -3.1999855041503906
    vertex 37.2147102355957 -12.721095085144043 -3.1999855041503906
  endloop
endfacet
facet normal 0.0 0.0 0.0
  outer loop
    vertex 37.2147102355957 -12.721095085144043 -3.1999855041503906
    vertex 20.581235885620117 -14.910927772521973 -3.1999855041503906
    vertex 21.488296508789062 -12.721095085144043 -3.1999855041503906
  endloop
endfacet
facet normal 0.0 0.0 0.0
  outer loop
    vertex 37.2147102355957 -12.721095085144043 -3.1999855041503906
    vertex 21.488296508789062 -12.721095085144043 -3.1999855041503906
    vertex 35.77178192138672 -10.840611457824707 -3.1999855041503906
  endloop
endfacet
facet normal 0.0 0.0 0.0
  outer loop
    vertex 35.77178192138672 -10.840611457824707 -3.1999855041503906
    vertex 21.488296508789062 -12.721095085144043 -3.1999855041503906
    vertex 22.931222915649414 -10.840611457824707 -3.1999855041503906
  endloop
endfacet
facet normal 0.0 0.0 0.0
  outer loop
    vertex 35.77178192138672 -10.840611457824707 -3.1999855041503906
    vertex 22.931222915649414 -10.840611457824707 -3.1999855041503906
    vertex 33.891326904296875 -9.397690773010254 -3.1999855041503906
  endloop
endfacet
facet normal 0.0 0.0 0.0
  outer loop
    vertex 33.891326904296875 -9.397690773010254 -3.1999855041503906
    vertex 22.931222915649414 -10.840611457824707 -3.1999855041503906
    vertex 24.811677932739258 -9.397690773010254 -3.1999855041503906
  endloop
endfacet
facet normal 0.0 0.0 0.0
  outer loop
    vertex 33.891326904296875 -9.397690773010254 -3.1999855041503906
    vertex 24.811677932739258 -9.397690773010254 -3.1999855041503906
    vertex 31.701486587524414 -8.490620613098145 -3.1999855041503906
  endloop
endfacet
facet normal 0.0 0.0 0.0
  outer loop
    vertex 31.701486587524414 -8.490620613098145 -3.1999855041503906
    vertex 24.811677932739258 -9.397690773010254 -3.1999855041503906
    vertex 27.001516342163086 -8.490620613098145 -3.1999855041503906
  endloop
endfacet
facet normal 0.0 0.0 0.0
  outer loop
    vertex 31.701486587524414 -8.490620613098145 -3.1999855041503906
    vertex 27.001516342163086 -8.490620613098145 -3.1999855041503906
    vertex 29.35150146484375 -8.18127155303955 -3.1999855041503906
  endloop
endfacet
facet normal 0.0 0.0 0.0
  outer loop
    vertex -43.9234619140625 31.037487030029297 -3.214083671569824
    vertex -43.9234619140625 47.251182556152344 -3.214083671569824
    vertex -43.9234619140625 31.037487030029297 4.892744064331055
  endloop
endfacet
facet normal 0.0 0.0 0.0
  outer loop
    vertex -43.9234619140625 31.037487030029297 4.892744064331055
    vertex -43.9234619140625 47.251182556152344 -3.214083671569824
    vertex -43.9234619140625 47.251182556152344 4.892744064331055
  endloop
endfacet
facet normal 0.0 0.0 0.0
  outer loop
    vertex -40.68073272705078 31.037487030029297 -3.214083671569824
    vertex -43.9234619140625 31.037487030029297 -3.214083671569824
    vertex -40.68073272705078 31.037487030029297 4.892744064331055
  endloop
endfacet
facet normal 0.0 0.0 0.0
  outer loop
    vertex -40.68073272705078 31.037487030029297 4.892744064331055
    vertex -43.9234619140625 31.037487030029297 -3.214083671569824
    vertex -43.9234619140625 31.037487030029297 4.892744064331055
  endloop
endfacet
facet normal 0.0 0.0 0.0
  outer loop
    vertex -43.9234619140625 18.06656265258789 -3.214083671569824
    vertex -40.68073272705078 18.06656265258789 -3.214083671569824
    vertex -43.9234619140625 18.06656265258789 4.892744064331055
  endloop
endfacet
facet normal 0.0 0.0 0.0
  outer loop
    vertex -43.9234619140625 18.06656265258789 4.892744064331055
    vertex -40.68073272705078 18.06656265258789 -3.214083671569824
    vertex -40.68073272705078 18.06656265258789 4.892744064331055
  endloop
endfacet
facet normal 0.0 0.0 0.0
  outer loop
    vertex -43.9234619140625 1.8529081344604492 -3.214083671569824
    vertex -43.9234619140625 18.06656265258789 -3.214083671569824
    vertex -43.9234619140625 1.8529081344604492 4.892744064331055
  endloop
endfacet
facet normal 0.0 0.0 0.0
  outer loop
    vertex -43.9234619140625 1.8529081344604492 4.892744064331055
    vertex -43.9234619140625 18.06656265258789 -3.214083671569824
    vertex -43.9234619140625 18.06656265258789 4.892744064331055
  endloop
endfacet
facet normal 0.0 0.0 0.0
  outer loop
    vertex -44.24773406982422 1.8529081344604492 -3.214083671569824
    vertex -43.9234619140625 1.8529081344604492 -3.214083671569824
    vertex -44.24773406982422 1.8529081344604492 4.892744064331055
  endloop
endfacet
facet normal 0.0 0.0 0.0
  outer loop
    vertex -44.24773406982422 1.8529081344604492 4.892744064331055
    vertex -43.9234619140625 1.8529081344604492 -3.214083671569824
    vertex -43.9234619140625 1.8529081344604492 4.892744064331055
  endloop
endfacet
facet normal 0.0 0.0 0.0
  outer loop
    vertex -49.11183166503906 6.717004299163818 4.892744064331055
    vertex -49.11183166503906 6.717004299163818 -3.214083671569824
    vertex -48.94609451293945 5.458110809326172 4.892744064331055
  endloop
endfacet
facet normal 0.0 0.0 0.0
  outer loop
    vertex -48.94609451293945 5.458110809326172 4.892744064331055
    vertex -49.11183166503906 6.717004299163818 -3.214083671569824
    vertex -48.94609451293945 5.458110809326172 -3.214083671569824
  endloop
endfacet
facet normal 0.0 0.0 0.0
  outer loop
    vertex -48.94609451293945 5.458110809326172 4.892744064331055
    vertex -48.94609451293945 5.458110809326172 -3.214083671569824
    vertex -48.460166931152344 4.284955978393555 4.892744064331055
  endloop
endfacet
facet normal 0.0 0.0 0.0
  outer loop
    vertex -48.460166931152344 4.284955978393555 4.892744064331055
    vertex -48.94609451293945 5.458110809326172 -3.214083671569824
    vertex -48.460166931152344 4.284955978393555 -3.214083671569824
  endloop
endfacet
facet normal 0.0 0.0 0.0
  outer loop
    vertex -48.460166931152344 4.284955978393555 4.892744064331055
    vertex -48.460166931152344 4.284955978393555 -3.214083671569824
    vertex -47.68716812133789 3.2775802612304688 4.892744064331055
  endloop
endfacet
facet normal 0.0 0.0 0.0
  outer loop
    vertex -47.68716812133789 3.2775802612304688 4.892744064331055
    vertex -48.460166931152344 4.284955978393555 -3.214083671569824
    vertex -47.68716812133789 3.2775802612304688 -3.214083671569824
  endloop
endfacet
facet normal 0.0 0.0 0.0
  outer loop
    vertex -47.68716812133789 3.2775802612304688 4.892744064331055
    vertex -47.68716812133789 3.2775802612304688 -3.214083671569824
    vertex -46.67978286743164 2.5045814514160156 4.892744064331055
  endloop
endfacet
facet normal 0.0 0.0 0.0
  outer loop
    vertex -46.67978286743164 2.5045814514160156 4.892744064331055
    vertex -47.68716812133789 3.2775802612304688 -3.214083671569824
    vertex -46.67978286743164 2.5045814514160156 -3.214083671569824
  endloop
endfacet
facet normal 0.0 0.0 0.0
  outer loop
    vertex -46.67978286743164 2.5045814514160156 4.892744064331055
    vertex -46.67978286743164 2.5045814514160156 -3.214083671569824
    vertex -45.50666046142578 2.018646240234375 4.892744064331055
  endloop
endfacet
facet normal 0.0 0.0 0.0
  outer loop
    vertex -45.50666046142578 2.018646240234375 4.892744064331055
    vertex -46.67978286743164 2.5045814514160156 -3.214083671569824
    vertex -45.50666046142578 2.018646240234375 -3.214083671569824
  endloop
endfacet
facet normal 0.0 0.0 0.0
  outer loop
    vertex -45.50666046142578 2.018646240234375 4.892744064331055
    vertex -45.50666046142578 2.018646240234375 -3.214083671569824
    vertex -44.24773406982422 1.8529081344604492 4.892744064331055
  endloop
endfacet
facet normal 0.0 0.0 0.0
  outer loop
    vertex -44.24773406982422 1.8529081344604492 4.892744064331055
    vertex -45.50666046142578 2.018646240234375 -3.214083671569824
    vertex -44.24773406982422 1.8529081344604492 -3.214083671569824
  endloop
endfacet
facet normal 0.0 0.0 0.0
  outer loop
    vertex -49.11183166503906 42.3870849609375 -3.214083671569824
    vertex -49.11183166503906 6.717004299163818 -3.214083671569824
    vertex -49.11183166503906 42.3870849609375 4.892744064331055
  endloop
endfacet
facet normal 0.0 0.0 0.0
  outer loop
    vertex -49.11183166503906 42.3870849609375 4.892744064331055
    vertex -49.11183166503906 6.717004299163818 -3.214083671569824
    vertex -49.11183166503906 6.717004299163818 4.892744064331055
  endloop
endfacet
facet normal 0.0 0.0 0.0
  outer loop
    vertex -44.24773406982422 47.251182556152344 4.892744064331055
    vertex -44.24773406982422 47.251182556152344 -3.214083671569824
    vertex -45.50666046142578 47.08540344238281 4.892744064331055
  endloop
endfacet
facet normal 0.0 0.0 0.0
  outer loop
    vertex -45.50666046142578 47.08540344238281 4.892744064331055
    vertex -44.24773406982422 47.251182556152344 -3.214083671569824
    vertex -45.50666046142578 47.08540344238281 -3.214083671569824
  endloop
endfacet
facet normal 0.0 0.0 0.0
  outer loop
    vertex -45.50666046142578 47.08540344238281 4.892744064331055
    vertex -45.50666046142578 47.08540344238281 -3.214083671569824
    vertex -46.67978286743164 46.59946823120117 4.892744064331055
  endloop
endfacet
facet normal 0.0 0.0 0.0
  outer loop
    vertex -46.67978286743164 46.59946823120117 4.892744064331055
    vertex -45.50666046142578 47.08540344238281 -3.214083671569824
    vertex -46.67978286743164 46.59946823120117 -3.214083671569824
  endloop
endfacet
facet normal 0.0 0.0 0.0
  outer loop
    vertex -46.67978286743164 46.59946823120117 4.892744064331055
    vertex -46.67978286743164 46.59946823120117 -3.214083671569824
    vertex -47.68716812133789 45.82646942138672 4.892744064331055
  endloop
endfacet
facet normal 0.0 0.0 0.0
  outer loop
    vertex -47.68716812133789 45.82646942138672 4.892744064331055
    vertex -46.67978286743164 46.59946823120117 -3.214083671569824
    vertex -47.68716812133789 45.82646942138672 -3.214083671569824
  endloop
endfacet
facet normal 0.0 0.0 0.0
  outer loop
    vertex -47.68716812133789 45.82646942138672 4.892744064331055
    vertex -47.68716812133789 45.82646942138672 -3.214083671569824
    vertex -48.460166931152344 44.81913375854492 4.892744064331055
  endloop
endfacet
facet normal 0.0 0.0 0.0
  outer loop
    vertex -48.460166931152344 44.81913375854492 4.892744064331055
    vertex -47.68716812133789 45.82646942138672 -3.214083671569824
    vertex -48.460166931152344 44.81913375854492 -3.214083671569824
  endloop
endfacet
facet normal 0.0 0.0 0.0
  outer loop
    vertex -48.460166931152344 44.81913375854492 4.892744064331055
    vertex -48.460166931152344 44.81913375854492 -3.214083671569824
    vertex -48.94609451293945 43.645938873291016 4.892744064331055
  endloop
endfacet
facet normal 0.0 0.0 0.0
  outer loop
    vertex -48.94609451293945 43.645938873291016 4.892744064331055
    vertex -48.460166931152344 44.81913375854492 -3.214083671569824
    vertex -48.94609451293945 43.645938873291016 -3.214083671569824
  endloop
endfacet
facet normal 0.0 0.0 0.0
  outer loop
    vertex -48.94609451293945 43.645938873291016 4.892744064331055
    vertex -48.94609451293945 43.645938873291016 -3.214083671569824
    vertex -49.11183166503906 42.3870849609375 4.892744064331055
  endloop
endfacet
facet normal 0.0 0.0 0.0
  outer loop
    vertex -49.11183166503906 42.3870849609375 4.892744064331055
    vertex -48.94609451293945 43.645938873291016 -3.214083671569824
    vertex -49.11183166503906 42.3870849609375 -3.214083671569824
  endloop
endfacet
facet normal 0.0 0.0 0.0
  outer loop
    vertex -43.9234619140625 47.251182556152344 -3.214083671569824
    vertex -44.24773406982422 47.251182556152344 -3.214083671569824
    vertex -43.9234619140625 47.251182556152344 4.892744064331055
  endloop
endfacet
facet normal 0.0 0.0 0.0
  outer loop
    vertex -43.9234619140625 47.251182556152344 4.892744064331055
    vertex -44.24773406982422 47.251182556152344 -3.214083671569824
    vertex -44.24773406982422 47.251182556152344 4.892744064331055
  endloop
endfacet
facet normal 0.0 0.0 0.0
  outer loop
    vertex -40.68073272705078 18.06656265258789 -3.214083671569824
    vertex -37.63106155395508 7.718047142028809 -3.214083671569824
    vertex -40.68073272705078 18.06656265258789 4.892744064331055
  endloop
endfacet
facet normal 0.0 0.0 0.0
  outer loop
    vertex -40.68073272705078 18.06656265258789 4.892744064331055
    vertex -37.63106155395508 7.718047142028809 -3.214083671569824
    vertex -37.63106155395508 7.718047142028809 4.892744064331055
  endloop
endfacet
facet normal 0.0 0.0 0.0
  outer loop
    vertex -37.78700256347656 41.2231559753418 -3.214083671569824
    vertex -40.68073272705078 31.037487030029297 -3.214083671569824
    vertex -37.78700256347656 41.2231559753418 4.892744064331055
  endloop
endfacet
facet normal 0.0 0.0 0.0
  outer loop
    vertex -37.78700256347656 41.2231559753418 4.892744064331055
    vertex -40.68073272705078 31.037487030029297 -3.214083671569824
    vertex -40.68073272705078 31.037487030029297 4.892744064331055
  endloop
endfacet
facet normal 0.0 0.0 0.0
  outer loop
    vertex -32.59758377075195 41.2231559753418 1.2589703798294067
    vertex -32.59758377075195 7.718047142028809 1.2589703798294067
    vertex -32.652835845947266 41.2231559753418 0.8393301963806152
  endloop
endfacet
facet normal 0.0 0.0 0.0
  outer loop
    vertex -32.652835845947266 41.2231559753418 0.8393301963806152
    vertex -32.59758377075195 7.718047142028809 1.2589703798294067
    vertex -32.652835845947266 7.718047142028809 0.8393301963806152
  endloop
endfacet
facet normal 0.0 0.0 0.0
  outer loop
    vertex -32.652835845947266 41.2231559753418 0.8393301963806152
    vertex -32.652835845947266 7.718047142028809 0.8393301963806152
    vertex -32.59758377075195 41.2231559753418 0.41968995332717896
  endloop
endfacet
facet normal 0.0 0.0 0.0
  outer loop
    vertex -32.59758377075195 41.2231559753418 0.41968995332717896
    vertex -32.652835845947266 7.718047142028809 0.8393301963806152
    vertex -32.59758377075195 7.718047142028809 0.41968995332717896
  endloop
endfacet
facet normal 0.0 0.0 0.0
  outer loop
    vertex -32.59758377075195 41.2231559753418 0.41968995332717896
    vertex -32.59758377075195 7.718047142028809 0.41968995332717896
    vertex -32.43560791015625 41.2231559753418 0.028647422790527344
  endloop
endfacet
facet normal 0.0 0.0 0.0
  outer loop
    vertex -32.43560791015625 41.2231559753418 0.028647422790527344
    vertex -32.59758377075195 7.718047142028809 0.41968995332717896
    vertex -32.43560791015625 7.718047142028809 0.028647422790527344
  endloop
endfacet
facet normal 0.0 0.0 0.0
  outer loop
    vertex -32.43560791015625 41.2231559753418 0.028647422790527344
    vertex -32.43560791015625 7.718047142028809 0.028647422790527344
    vertex -32.17794418334961 41.2231559753418 -0.30714839696884155
  endloop
endfacet
facet normal 0.0 0.0 0.0
  outer loop
    vertex -32.17794418334961 41.2231559753418 -0.30714839696884155
    vertex -32.43560791015625 7.718047142028809 0.028647422790527344
    vertex -32.17794418334961 7.718047142028809 -0.30714839696884155
  endloop
endfacet
facet normal 0.0 0.0 0.0
  outer loop
    vertex -32.17794418334961 41.2231559753418 -0.30714839696884155
    vertex -32.17794418334961 7.718047142028809 -0.30714839696884155
    vertex -31.842153549194336 41.2231559753418 -0.5648137927055359
  endloop
endfacet
facet normal 0.0 0.0 0.0
  outer loop
    vertex -31.842153549194336 41.2231559753418 -0.5648137927055359
    vertex -32.17794418334961 7.718047142028809 -0.30714839696884155
    vertex -31.842153549194336 7.718047142028809 -0.5648137927055359
  endloop
endfacet
facet normal 0.0 0.0 0.0
  outer loop
    vertex -31.842153549194336 41.2231559753418 -0.5648137927055359
    vertex -31.842153549194336 7.718047142028809 -0.5648137927055359
    vertex -31.45111083984375 41.2231559753418 -0.726788341999054
  endloop
endfacet
facet normal 0.0 0.0 0.0
  outer loop
    vertex -31.45111083984375 41.2231559753418 -0.726788341999054
    vertex -31.842153549194336 7.718047142028809 -0.5648137927055359
    vertex -31.45111083984375 7.718047142028809 -0.726788341999054
  endloop
endfacet
facet normal 0.0 0.0 0.0
  outer loop
    vertex -31.45111083984375 41.2231559753418 -0.726788341999054
    vertex -31.45111083984375 7.718047142028809 -0.726788341999054
    vertex -31.031471252441406 41.2231559753418 -0.7820354104042053
  endloop
endfacet
facet normal 0.0 0.0 0.0
  outer loop
    vertex -31.031471252441406 41.2231559753418 -0.7820354104042053
    vertex -31.45111083984375 7.718047142028809 -0.726788341999054
    vertex -31.031471252441406 7.718047142028809 -0.7820354104042053
  endloop
endfacet
facet normal 0.0 0.0 0.0
  outer loop
    vertex -31.031471252441406 41.2231559753418 -0.7820354104042053
    vertex -31.031471252441406 7.718047142028809 -0.7820354104042053
    vertex -30.61182975769043 41.2231559753418 -0.726788341999054
  endloop
endfacet
facet normal 0.0 0.0 0.0
  outer loop
    vertex -30.61182975769043 41.2231559753418 -0.726788341999054
    vertex -31.031471252441406 7.718047142028809 -0.7820354104042053
    vertex -30.61182975769043 7.718047142028809 -0.726788341999054
  endloop
endfacet
facet normal 0.0 0.0 0.0
  outer loop
    vertex -30.61182975769043 41.2231559753418 -0.726788341999054
    vertex -30.61182975769043 7.718047142028809 -0.726788341999054
    vertex -30.220787048339844 41.2231559753418 -0.5648137927055359
  endloop
endfacet
facet normal 0.0 0.0 0.0
  outer loop
    vertex -30.220787048339844 41.2231559753418 -0.5648137927055359
    vertex -30.61182975769043 7.718047142028809 -0.726788341999054
    vertex -30.220787048339844 7.718047142028809 -0.5648137927055359
  endloop
endfacet
facet normal 0.0 0.0 0.0
  outer loop
    vertex -30.220787048339844 41.2231559753418 -0.5648137927055359
    vertex -30.220787048339844 7.718047142028809 -0.5648137927055359
    vertex -29.884984970092773 41.2231559753418 -0.30714839696884155
  endloop
endfacet
facet normal 0.0 0.0 0.0
  outer loop
    vertex -29.884984970092773 41.2231559753418 -0.30714839696884155
    vertex -30.220787048339844 7.718047142028809 -0.5648137927055359
    vertex -29.884984970092773 7.718047142028809 -0.30714839696884155
  endloop
endfacet
facet normal 0.0 0.0 0.0
  outer loop
    vertex -29.884984970092773 41.2231559753418 -0.30714839696884155
    vertex -29.884984970092773 7.718047142028809 -0.30714839696884155
    vertex -29.627323150634766 41.2231559753418 0.028647422790527344
  endloop
endfacet
facet normal 0.0 0.0 0.0
  outer loop
    vertex -29.627323150634766 41.2231559753418 0.028647422790527344
    vertex -29.884984970092773 7.718047142028809 -0.30714839696884155
    vertex -29.627323150634766 7.718047142028809 0.028647422790527344
  endloop
endfacet
facet normal 0.0 0.0 0.0
  outer loop
    vertex -29.627323150634766 41.2231559753418 0.028647422790527344
    vertex -29.627323150634766 7.718047142028809 0.028647422790527344
    vertex -29.465354919433594 41.2231559753418 0.41968995332717896
  endloop
endfacet
facet normal 0.0 0.0 0.0
  outer loop
    vertex -29.465354919433594 41.2231559753418 0.41968995332717896
    vertex -29.627323150634766 7.718047142028809 0.028647422790527344
    vertex -29.465354919433594 7.718047142028809 0.41968995332717896
  endloop
endfacet
facet normal 0.0 0.0 0.0
  outer loop
    vertex -29.465354919433594 41.2231559753418 0.41968995332717896
    vertex -29.465354919433594 7.718047142028809 0.41968995332717896
    vertex -29.410104751586914 41.2231559753418 0.8393301963806152
  endloop
endfacet
facet normal 0.0 0.0 0.0
  outer loop
    vertex -29.410104751586914 41.2231559753418 0.8393301963806152
    vertex -29.465354919433594 7.718047142028809 0.41968995332717896
    vertex -29.410104751586914 7.718047142028809 0.8393301963806152
  endloop
endfacet
facet normal 0.0 0.0 0.0
  outer loop
    vertex -29.410104751586914 41.2231559753418 0.8393301963806152
    vertex -29.410104751586914 7.718047142028809 0.8393301963806152
    vertex -29.465354919433594 41.2231559753418 1.2589703798294067
  endloop
endfacet
facet normal 0.0 0.0 0.0
  outer loop
    vertex -29.465354919433594 41.2231559753418 1.2589703798294067
    vertex -29.410104751586914 7.718047142028809 0.8393301963806152
    vertex -29.465354919433594 7.718047142028809 1.2589703798294067
  endloop
endfacet
facet normal 0.0 0.0 0.0
  outer loop
    vertex -29.465354919433594 41.2231559753418 1.2589703798294067
    vertex -29.465354919433594 7.718047142028809 1.2589703798294067
    vertex -29.627323150634766 41.2231559753418 1.6500129699707031
  endloop
endfacet
facet normal 0.0 0.0 0.0
  outer loop
    vertex -29.627323150634766 41.2231559753418 1.6500129699707031
    vertex -29.465354919433594 7.718047142028809 1.2589703798294067
    vertex -29.627323150634766 7.718047142028809 1.6500129699707031
  endloop
endfacet
facet normal 0.0 0.0 0.0
  outer loop
    vertex -29.627323150634766 41.2231559753418 1.6500129699707031
    vertex -29.627323150634766 7.718047142028809 1.6500129699707031
    vertex -29.884984970092773 41.2231559753418 1.9858088493347168
  endloop
endfacet
facet normal 0.0 0.0 0.0
  outer loop
    vertex -29.884984970092773 41.2231559753418 1.9858088493347168
    vertex -29.627323150634766 7.718047142028809 1.6500129699707031
    vertex -29.884984970092773 7.718047142028809 1.9858088493347168
  endloop
endfacet
facet normal 0.0 0.0 0.0
  outer loop
    vertex -29.884984970092773 41.2231559753418 1.9858088493347168
    vertex -29.884984970092773 7.718047142028809 1.9858088493347168
    vertex -30.220787048339844 41.2231559753418 2.243473768234253
  endloop
endfacet
facet normal 0.0 0.0 0.0
  outer loop
    vertex -30.220787048339844 41.2231559753418 2.243473768234253
    vertex -29.884984970092773 7.718047142028809 1.9858088493347168
    vertex -30.220787048339844 7.718047142028809 2.243473768234253
  endloop
endfacet
facet normal 0.0 0.0 0.0
  outer loop
    vertex -30.220787048339844 41.2231559753418 2.243473768234253
    vertex -30.220787048339844 7.718047142028809 2.243473768234253
    vertex -30.61182975769043 41.2231559753418 2.405449151992798
  endloop
endfacet
facet normal 0.0 0.0 0.0
  outer loop
    vertex -30.61182975769043 41.2231559753418 2.405449151992798
    vertex -30.220787048339844 7.718047142028809 2.243473768234253
    vertex -30.61182975769043 7.718047142028809 2.405449151992798
  endloop
endfacet
facet normal 0.0 0.0 0.0
  outer loop
    vertex -30.61182975769043 41.2231559753418 2.405449151992798
    vertex -30.61182975769043 7.718047142028809 2.405449151992798
    vertex -31.031471252441406 41.2231559753418 2.460695743560791
  endloop
endfacet
facet normal 0.0 0.0 0.0
  outer loop
    vertex -31.031471252441406 41.2231559753418 2.460695743560791
    vertex -30.61182975769043 7.718047142028809 2.405449151992798
    vertex -31.031471252441406 7.718047142028809 2.460695743560791
  endloop
endfacet
facet normal 0.0 0.0 0.0
  outer loop
    vertex -31.031471252441406 41.2231559753418 2.460695743560791
    vertex -31.031471252441406 7.718047142028809 2.460695743560791
    vertex -31.45111083984375 41.2231559753418 2.405449151992798
  endloop
endfacet
facet normal 0.0 0.0 0.0
  outer loop
    vertex -31.45111083984375 41.2231559753418 2.405449151992798
    vertex -31.031471252441406 7.718047142028809 2.460695743560791
    vertex -31.45111083984375 7.718047142028809 2.405449151992798
  endloop
endfacet
facet normal 0.0 0.0 0.0
  outer loop
    vertex -31.45111083984375 41.2231559753418 2.405449151992798
    vertex -31.45111083984375 7.718047142028809 2.405449151992798
    vertex -31.842153549194336 41.2231559753418 2.243473768234253
  endloop
endfacet
facet normal 0.0 0.0 0.0
  outer loop
    vertex -31.842153549194336 41.2231559753418 2.243473768234253
    vertex -31.45111083984375 7.718047142028809 2.405449151992798
    vertex -31.842153549194336 7.718047142028809 2.243473768234253
  endloop
endfacet
facet normal 0.0 0.0 0.0
  outer loop
    vertex -31.842153549194336 41.2231559753418 2.243473768234253
    vertex -31.842153549194336 7.718047142028809 2.243473768234253
    vertex -32.17794418334961 41.2231559753418 1.9858088493347168
  endloop
endfacet
facet normal 0.0 0.0 0.0
  outer loop
    vertex -32.17794418334961 41.2231559753418 1.9858088493347168
    vertex -31.842153549194336 7.718047142028809 2.243473768234253
    vertex -32.17794418334961 7.718047142028809 1.9858088493347168
  endloop
endfacet
facet normal 0.0 0.0 0.0
  outer loop
    vertex -32.17794418334961 41.2231559753418 1.9858088493347168
    vertex -32.17794418334961 7.718047142028809 1.9858088493347168
    vertex -32.43560791015625 41.2231559753418 1.6500129699707031
  endloop
endfacet
facet normal 0.0 0.0 0.0
  outer loop
    vertex -32.43560791015625 41.2231559753418 1.6500129699707031
    vertex -32.17794418334961 7.718047142028809 1.9858088493347168
    vertex -32.43560791015625 7.718047142028809 1.6500129699707031
  endloop
endfacet
facet normal 0.0 0.0 0.0
  outer loop
    vertex -32.43560791015625 41.2231559753418 1.6500129699707031
    vertex -32.43560791015625 7.718047142028809 1.6500129699707031
    vertex -32.59758377075195 41.2231559753418 1.2589703798294067
  endloop
endfacet
facet normal 0.0 0.0 0.0
  outer loop
    vertex -32.59758377075195 41.2231559753418 1.2589703798294067
    vertex -32.43560791015625 7.718047142028809 1.6500129699707031
    vertex -32.59758377075195 7.718047142028809 1.2589703798294067
  endloop
endfacet
facet normal 0.0 0.0 0.0
  outer loop
    vertex 40.039588928222656 49.74466323852539 1.2589702606201172
    vertex 40.039588928222656 -0.6405754089355469 1.2589702606201172
    vertex 39.984344482421875 49.74466323852539 0.8393300771713257
  endloop
endfacet
facet normal 0.0 0.0 0.0
  outer loop
    vertex 39.984344482421875 49.74466323852539 0.8393300771713257
    vertex 40.039588928222656 -0.6405754089355469 1.2589702606201172
    vertex 39.984344482421875 -0.6405754089355469 0.8393300771713257
  endloop
endfacet
facet normal 0.0 0.0 0.0
  outer loop
    vertex 39.984344482421875 49.74466323852539 0.8393300771713257
    vertex 39.984344482421875 -0.6405754089355469 0.8393300771713257
    vertex 40.039588928222656 49.74466323852539 0.4196898639202118
  endloop
endfacet
facet normal 0.0 0.0 0.0
  outer loop
    vertex 40.039588928222656 49.74466323852539 0.4196898639202118
    vertex 39.984344482421875 -0.6405754089355469 0.8393300771713257
    vertex 40.039588928222656 -0.6405754089355469 0.4196898639202118
  endloop
endfacet
facet normal 0.0 0.0 0.0
  outer loop
    vertex 40.039588928222656 49.74466323852539 0.4196898639202118
    vertex 40.039588928222656 -0.6405754089355469 0.4196898639202118
    vertex 40.20156478881836 49.74466323852539 0.028647303581237793
  endloop
endfacet
facet normal 0.0 0.0 0.0
  outer loop
    vertex 40.20156478881836 49.74466323852539 0.028647303581237793
    vertex 40.039588928222656 -0.6405754089355469 0.4196898639202118
    vertex 40.20156478881836 -0.6405754089355469 0.028647303581237793
  endloop
endfacet
facet normal 0.0 0.0 0.0
  outer loop
    vertex 40.20156478881836 49.74466323852539 0.028647303581237793
    vertex 40.20156478881836 -0.6405754089355469 0.028647303581237793
    vertex 40.459228515625 49.74466323852539 -0.3071485161781311
  endloop
endfacet
facet normal 0.0 0.0 0.0
  outer loop
    vertex 40.459228515625 49.74466323852539 -0.3071485161781311
    vertex 40.20156478881836 -0.6405754089355469 0.028647303581237793
    vertex 40.459228515625 -0.6405754089355469 -0.3071485161781311
  endloop
endfacet
facet normal 0.0 0.0 0.0
  outer loop
    vertex 40.459228515625 49.74466323852539 -0.3071485161781311
    vertex 40.459228515625 -0.6405754089355469 -0.3071485161781311
    vertex 40.79502868652344 49.74466323852539 -0.5648139119148254
  endloop
endfacet
facet normal 0.0 0.0 0.0
  outer loop
    vertex 40.79502868652344 49.74466323852539 -0.5648139119148254
    vertex 40.459228515625 -0.6405754089355469 -0.3071485161781311
    vertex 40.79502868652344 -0.6405754089355469 -0.5648139119148254
  endloop
endfacet
facet normal 0.0 0.0 0.0
  outer loop
    vertex 40.79502868652344 49.74466323852539 -0.5648139119148254
    vertex 40.79502868652344 -0.6405754089355469 -0.5648139119148254
    vertex 41.186073303222656 49.74466323852539 -0.7267884612083435
  endloop
endfacet
facet normal 0.0 0.0 0.0
  outer loop
    vertex 41.186073303222656 49.74466323852539 -0.7267884612083435
    vertex 40.79502868652344 -0.6405754089355469 -0.5648139119148254
    vertex 41.186073303222656 -0.6405754089355469 -0.7267884612083435
  endloop
endfacet
facet normal 0.0 0.0 0.0
  outer loop
    vertex 41.186073303222656 49.74466323852539 -0.7267884612083435
    vertex 41.186073303222656 -0.6405754089355469 -0.7267884612083435
    vertex 41.605709075927734 49.74466323852539 -0.7820355296134949
  endloop
endfacet
facet normal 0.0 0.0 0.0
  outer loop
    vertex 41.605709075927734 49.74466323852539 -0.7820355296134949
    vertex 41.186073303222656 -0.6405754089355469 -0.7267884612083435
    vertex 41.605709075927734 -0.6405754089355469 -0.7820355296134949
  endloop
endfacet
facet normal 0.0 0.0 0.0
  outer loop
    vertex 41.605709075927734 49.74466323852539 -0.7820355296134949
    vertex 41.605709075927734 -0.6405754089355469 -0.7820355296134949
    vertex 42.02534866333008 49.74466323852539 -0.7267884612083435
  endloop
endfacet
facet normal 0.0 0.0 0.0
  outer loop
    vertex 42.02534866333008 49.74466323852539 -0.7267884612083435
    vertex 41.605709075927734 -0.6405754089355469 -0.7820355296134949
    vertex 42.02534866333008 -0.6405754089355469 -0.7267884612083435
  endloop
endfacet
facet normal 0.0 0.0 0.0
  outer loop
    vertex 42.02534866333008 49.74466323852539 -0.7267884612083435
    vertex 42.02534866333008 -0.6405754089355469 -0.7267884612083435
    vertex 42.41638946533203 49.74466323852539 -0.5648139119148254
  endloop
endfacet
facet normal 0.0 0.0 0.0
  outer loop
    vertex 42.41638946533203 49.74466323852539 -0.5648139119148254
    vertex 42.02534866333008 -0.6405754089355469 -0.7267884612083435
    vertex 42.41638946533203 -0.6405754089355469 -0.5648139119148254
  endloop
endfacet
facet normal 0.0 0.0 0.0
  outer loop
    vertex 42.41638946533203 49.74466323852539 -0.5648139119148254
    vertex 42.41638946533203 -0.6405754089355469 -0.5648139119148254
    vertex 42.75218963623047 49.74466323852539 -0.3071485161781311
  endloop
endfacet
facet normal 0.0 0.0 0.0
  outer loop
    vertex 42.75218963623047 49.74466323852539 -0.3071485161781311
    vertex 42.41638946533203 -0.6405754089355469 -0.5648139119148254
    vertex 42.75218963623047 -0.6405754089355469 -0.3071485161781311
  endloop
endfacet
facet normal 0.0 0.0 0.0
  outer loop
    vertex 42.75218963623047 49.74466323852539 -0.3071485161781311
    vertex 42.75218963623047 -0.6405754089355469 -0.3071485161781311
    vertex 43.009849548339844 49.74466323852539 0.028647303581237793
  endloop
endfacet
facet normal 0.0 0.0 0.0
  outer loop
    vertex 43.009849548339844 49.74466323852539 0.028647303581237793
    vertex 42.75218963623047 -0.6405754089355469 -0.3071485161781311
    vertex 43.009849548339844 -0.6405754089355469 0.028647303581237793
  endloop
endfacet
facet normal 0.0 0.0 0.0
  outer loop
    vertex 43.009849548339844 49.74466323852539 0.028647303581237793
    vertex 43.009849548339844 -0.6405754089355469 0.028647303581237793
    vertex 43.17182922363281 49.74466323852539 0.4196898639202118
  endloop
endfacet
facet normal 0.0 0.0 0.0
  outer loop
    vertex 43.17182922363281 49.74466323852539 0.4196898639202118
    vertex 43.009849548339844 -0.6405754089355469 0.028647303581237793
    vertex 43.17182922363281 -0.6405754089355469 0.4196898639202118
  endloop
endfacet
facet normal 0.0 0.0 0.0
  outer loop
    vertex 43.17182922363281 49.74466323852539 0.4196898639202118
    vertex 43.17182922363281 -0.6405754089355469 0.4196898639202118
    vertex 43.227073669433594 49.74466323852539 0.8393300771713257
  endloop
endfacet
facet normal 0.0 0.0 0.0
  outer loop
    vertex 43.227073669433594 49.74466323852539 0.8393300771713257
    vertex 43.17182922363281 -0.6405754089355469 0.4196898639202118
    vertex 43.227073669433594 -0.6405754089355469 0.8393300771713257
  endloop
endfacet
facet normal 0.0 0.0 0.0
  outer loop
    vertex 43.227073669433594 49.74466323852539 0.8393300771713257
    vertex 43.227073669433594 -0.6405754089355469 0.8393300771713257
    vertex 43.17182922363281 49.74466323852539 1.2589702606201172
  endloop
endfacet
facet normal 0.0 0.0 0.0
  outer loop
    vertex 43.17182922363281 49.74466323852539 1.2589702606201172
    vertex 43.227073669433594 -0.6405754089355469 0.8393300771713257
    vertex 43.17182922363281 -0.6405754089355469 1.2589702606201172
  endloop
endfacet
facet normal 0.0 0.0 0.0
  outer loop
    vertex 43.17182922363281 49.74466323852539 1.2589702606201172
    vertex 43.17182922363281 -0.6405754089355469 1.2589702606201172
    vertex 43.009849548339844 49.74466323852539 1.6500128507614136
  endloop
endfacet
facet normal 0.0 0.0 0.0
  outer loop
    vertex 43.009849548339844 49.74466323852539 1.6500128507614136
    vertex 43.17182922363281 -0.6405754089355469 1.2589702606201172
    vertex 43.009849548339844 -0.6405754089355469 1.6500128507614136
  endloop
endfacet
facet normal 0.0 0.0 0.0
  outer loop
    vertex 43.009849548339844 49.74466323852539 1.6500128507614136
    vertex 43.009849548339844 -0.6405754089355469 1.6500128507614136
    vertex 42.75218963623047 49.74466323852539 1.9858086109161377
  endloop
endfacet
facet normal 0.0 0.0 0.0
  outer loop
    vertex 42.75218963623047 49.74466323852539 1.9858086109161377
    vertex 43.009849548339844 -0.6405754089355469 1.6500128507614136
    vertex 42.75218963623047 -0.6405754089355469 1.9858086109161377
  endloop
endfacet
facet normal 0.0 0.0 0.0
  outer loop
    vertex 42.75218963623047 49.74466323852539 1.9858086109161377
    vertex 42.75218963623047 -0.6405754089355469 1.9858086109161377
    vertex 42.41638946533203 49.74466323852539 2.243473768234253
  endloop
endfacet
facet normal 0.0 0.0 0.0
  outer loop
    vertex 42.41638946533203 49.74466323852539 2.243473768234253
    vertex 42.75218963623047 -0.6405754089355469 1.9858086109161377
    vertex 42.41638946533203 -0.6405754089355469 2.243473768234253
  endloop
endfacet
facet normal 0.0 0.0 0.0
  outer loop
    vertex 42.41638946533203 49.74466323852539 2.243473768234253
    vertex 42.41638946533203 -0.6405754089355469 2.243473768234253
    vertex 42.02534866333008 49.74466323852539 2.4054489135742188
  endloop
endfacet
facet normal 0.0 0.0 0.0
  outer loop
    vertex 42.02534866333008 49.74466323852539 2.4054489135742188
    vertex 42.41638946533203 -0.6405754089355469 2.243473768234253
    vertex 42.02534866333008 -0.6405754089355469 2.4054489135742188
  endloop
endfacet
facet normal 0.0 0.0 0.0
  outer loop
    vertex 42.02534866333008 49.74466323852539 2.4054489135742188
    vertex 42.02534866333008 -0.6405754089355469 2.4054489135742188
    vertex 41.605709075927734 49.74466323852539 2.460695505142212
  endloop
endfacet
facet normal 0.0 0.0 0.0
  outer loop
    vertex 41.605709075927734 49.74466323852539 2.460695505142212
    vertex 42.02534866333008 -0.6405754089355469 2.4054489135742188
    vertex 41.605709075927734 -0.6405754089355469 2.460695505142212
  endloop
endfacet
facet normal 0.0 0.0 0.0
  outer loop
    vertex 41.605709075927734 49.74466323852539 2.460695505142212
    vertex 41.605709075927734 -0.6405754089355469 2.460695505142212
    vertex 41.186073303222656 49.74466323852539 2.4054489135742188
  endloop
endfacet
facet normal 0.0 0.0 0.0
  outer loop
    vertex 41.186073303222656 49.74466323852539 2.4054489135742188
    vertex 41.605709075927734 -0.6405754089355469 2.460695505142212
    vertex 41.186073303222656 -0.6405754089355469 2.4054489135742188
  endloop
endfacet
facet normal 0.0 0.0 0.0
  outer loop
    vertex 41.186073303222656 49.74466323852539 2.4054489135742188
    vertex 41.186073303222656 -0.6405754089355469 2.4054489135742188
    vertex 40.79502868652344 49.74466323852539 2.243473768234253
  endloop
endfacet
facet normal 0.0 0.0 0.0
  outer loop
    vertex 40.79502868652344 49.74466323852539 2.243473768234253
    vertex 41.186073303222656 -0.6405754089355469 2.4054489135742188
    vertex 40.79502868652344 -0.6405754089355469 2.243473768234253
  endloop
endfacet
facet normal 0.0 0.0 0.0
  outer loop
    vertex 40.79502868652344 49.74466323852539 2.243473768234253
    vertex 40.79502868652344 -0.6405754089355469 2.243473768234253
    vertex 40.459228515625 49.74466323852539 1.9858086109161377
  endloop
endfacet
facet normal 0.0 0.0 0.0
  outer loop
    vertex 40.459228515625 49.74466323852539 1.9858086109161377
    vertex 40.79502868652344 -0.6405754089355469 2.243473768234253
    vertex 40.459228515625 -0.6405754089355469 1.9858086109161377
  endloop
endfacet
facet normal 0.0 0.0 0.0
  outer loop
    vertex 40.459228515625 49.74466323852539 1.9858086109161377
    vertex 40.459228515625 -0.6405754089355469 1.9858086109161377
    vertex 40.20156478881836 49.74466323852539 1.6500128507614136
  endloop
endfacet
facet normal 0.0 0.0 0.0
  outer loop
    vertex 40.20156478881836 49.74466323852539 1.6500128507614136
    vertex 40.459228515625 -0.6405754089355469 1.9858086109161377
    vertex 40.20156478881836 -0.6405754089355469 1.6500128507614136
  endloop
endfacet
facet normal 0.0 0.0 0.0
  outer loop
    vertex 40.20156478881836 49.74466323852539 1.6500128507614136
    vertex 40.20156478881836 -0.6405754089355469 1.6500128507614136
    vertex 40.039588928222656 49.74466323852539 1.2589702606201172
  endloop
endfacet
facet normal 0.0 0.0 0.0
  outer loop
    vertex 40.039588928222656 49.74466323852539 1.2589702606201172
    vertex 40.20156478881836 -0.6405754089355469 1.6500128507614136
    vertex 40.039588928222656 -0.6405754089355469 1.2589702606201172
  endloop
endfacet
facet normal 0.0 0.0 0.0
  outer loop
    vertex 50.46942901611328 -0.6405754089355469 -3.214083671569824
    vertex 56.197998046875 5.095639228820801 -3.214083671569824
    vertex 50.46942901611328 -0.6405754089355469 4.892744064331055
  endloop
endfacet
facet normal 0.0 0.0 0.0
  outer loop
    vertex 50.46942901611328 -0.6405754089355469 4.892744064331055
    vertex 56.197998046875 5.095639228820801 -3.214083671569824
    vertex 56.197998046875 5.095639228820801 4.892744064331055
  endloop
endfacet
facet normal 0.0 0.0 0.0
  outer loop
    vertex 56.197998046875 44.008453369140625 -3.214083671569824
    vertex 50.46942901611328 49.74466323852539 -3.214083671569824
    vertex 56.197998046875 44.008453369140625 4.892744064331055
  endloop
endfacet
facet normal 0.0 0.0 0.0
  outer loop
    vertex 56.197998046875 44.008453369140625 4.892744064331055
    vertex 50.46942901611328 49.74466323852539 -3.214083671569824
    vertex 50.46942901611328 49.74466323852539 4.892744064331055
  endloop
endfacet
facet normal 0.0 0.0 0.0
  outer loop
    vertex 56.197998046875 5.095639228820801 -3.214083671569824
    vertex 56.197998046875 44.008453369140625 -3.214083671569824
    vertex 56.197998046875 5.095639228820801 4.892744064331055
  endloop
endfacet
facet normal 0.0 0.0 0.0
  outer loop
    vertex 56.197998046875 5.095639228820801 4.892744064331055
    vertex 56.197998046875 44.008453369140625 -3.214083671569824
    vertex 56.197998046875 44.008453369140625 4.892744064331055
  endloop
endfacet
facet normal 0.0 0.0 0.0
  outer loop
    vertex 13.310739517211914 18.06656265258789 -3.214083671569824
    vertex -6.145647048950195 18.06656265258789 -3.214083671569824
    vertex 13.310739517211914 18.06656265258789 4.892744064331055
  endloop
endfacet
facet normal 0.0 0.0 0.0
  outer loop
    vertex 13.310739517211914 18.06656265258789 4.892744064331055
    vertex -6.145647048950195 18.06656265258789 -3.214083671569824
    vertex -6.145647048950195 18.06656265258789 4.892744064331055
  endloop
endfacet
facet normal 0.0 0.0 0.0
  outer loop
    vertex 13.310739517211914 31.037487030029297 -3.214083671569824
    vertex 13.310739517211914 18.06656265258789 -3.214083671569824
    vertex 13.310739517211914 31.037487030029297 4.892744064331055
  endloop
endfacet
facet normal 0.0 0.0 0.0
  outer loop
    vertex 13.310739517211914 31.037487030029297 4.892744064331055
    vertex 13.310739517211914 18.06656265258789 -3.214083671569824
    vertex 13.310739517211914 18.06656265258789 4.892744064331055
  endloop
endfacet
facet normal 0.0 0.0 0.0
  outer loop
    vertex -6.145647048950195 31.037487030029297 -3.214083671569824
    vertex 13.310739517211914 31.037487030029297 -3.214083671569824
    vertex -6.145647048950195 31.037487030029297 4.892744064331055
  endloop
endfacet
facet normal 0.0 0.0 0.0
  outer loop
    vertex -6.145647048950195 31.037487030029297 4.892744064331055
    vertex 13.310739517211914 31.037487030029297 -3.214083671569824
    vertex 13.310739517211914 31.037487030029297 4.892744064331055
  endloop
endfacet
facet normal 0.0 0.0 0.0
  outer loop
    vertex -6.145647048950195 18.06656265258789 -3.214083671569824
    vertex -6.145647048950195 31.037487030029297 -3.214083671569824
    vertex -6.145647048950195 18.06656265258789 4.892744064331055
  endloop
endfacet
facet normal 0.0 0.0 0.0
  outer loop
    vertex -6.145647048950195 18.06656265258789 4.892744064331055
    vertex -6.145647048950195 31.037487030029297 -3.214083671569824
    vertex -6.145647048950195 31.037487030029297 4.892744064331055
  endloop
endfacet
facet normal 0.0 0.0 0.0
  outer loop
    vertex -8.14508056640625 -0.6405754089355469 4.892744064331055
    vertex 41.605709075927734 -0.6405754089355469 2.460695505142212
    vertex 50.46942901611328 -0.6405754089355469 4.892744064331055
  endloop
endfacet
facet normal 0.0 0.0 0.0
  outer loop
    vertex 50.46942901611328 -0.6405754089355469 4.892744064331055
    vertex 41.605709075927734 -0.6405754089355469 2.460695505142212
    vertex 42.02534866333008 -0.6405754089355469 2.4054489135742188
  endloop
endfacet
facet normal 0.0 0.0 0.0
  outer loop
    vertex 50.46942901611328 -0.6405754089355469 4.892744064331055
    vertex 42.02534866333008 -0.6405754089355469 2.4054489135742188
    vertex 42.41638946533203 -0.6405754089355469 2.243473768234253
  endloop
endfacet
facet normal 0.0 0.0 0.0
  outer loop
    vertex -8.14508056640625 -0.6405754089355469 -3.214083671569824
    vertex 39.984344482421875 -0.6405754089355469 0.8393300771713257
    vertex -8.14508056640625 -0.6405754089355469 4.892744064331055
  endloop
endfacet
facet normal 0.0 0.0 0.0
  outer loop
    vertex -8.14508056640625 -0.6405754089355469 4.892744064331055
    vertex 39.984344482421875 -0.6405754089355469 0.8393300771713257
    vertex 40.039588928222656 -0.6405754089355469 1.2589702606201172
  endloop
endfacet
facet normal 0.0 0.0 0.0
  outer loop
    vertex -8.14508056640625 -0.6405754089355469 4.892744064331055
    vertex 40.039588928222656 -0.6405754089355469 1.2589702606201172
    vertex 40.20156478881836 -0.6405754089355469 1.6500128507614136
  endloop
endfacet
facet normal 0.0 0.0 0.0
  outer loop
    vertex 50.46942901611328 -0.6405754089355469 -3.214083671569824
    vertex 41.605709075927734 -0.6405754089355469 -0.7820355296134949
    vertex -8.14508056640625 -0.6405754089355469 -3.214083671569824
  endloop
endfacet
facet normal 0.0 0.0 0.0
  outer loop
    vertex -8.14508056640625 -0.6405754089355469 -3.214083671569824
    vertex 41.605709075927734 -0.6405754089355469 -0.7820355296134949
    vertex 41.186073303222656 -0.6405754089355469 -0.7267884612083435
  endloop
endfacet
facet normal 0.0 0.0 0.0
  outer loop
    vertex -8.14508056640625 -0.6405754089355469 -3.214083671569824
    vertex 41.186073303222656 -0.6405754089355469 -0.7267884612083435
    vertex 40.79502868652344 -0.6405754089355469 -0.5648139119148254
  endloop
endfacet
facet normal 0.0 0.0 0.0
  outer loop
    vertex 50.46942901611328 -0.6405754089355469 4.892744064331055
    vertex 43.227073669433594 -0.6405754089355469 0.8393300771713257
    vertex 50.46942901611328 -0.6405754089355469 -3.214083671569824
  endloop
endfacet
facet normal 0.0 0.0 0.0
  outer loop
    vertex 50.46942901611328 -0.6405754089355469 -3.214083671569824
    vertex 43.227073669433594 -0.6405754089355469 0.8393300771713257
    vertex 43.17182922363281 -0.6405754089355469 0.4196898639202118
  endloop
endfacet
facet normal 0.0 0.0 0.0
  outer loop
    vertex 50.46942901611328 -0.6405754089355469 -3.214083671569824
    vertex 43.17182922363281 -0.6405754089355469 0.4196898639202118
    vertex 43.009849548339844 -0.6405754089355469 0.028647303581237793
  endloop
endfacet
facet normal 0.0 0.0 0.0
  outer loop
    vertex 40.20156478881836 -0.6405754089355469 1.6500128507614136
    vertex 40.459228515625 -0.6405754089355469 1.9858086109161377
    vertex -8.14508056640625 -0.6405754089355469 4.892744064331055
  endloop
endfacet
facet normal 0.0 0.0 0.0
  outer loop
    vertex -8.14508056640625 -0.6405754089355469 4.892744064331055
    vertex 40.459228515625 -0.6405754089355469 1.9858086109161377
    vertex 40.79502868652344 -0.6405754089355469 2.243473768234253
  endloop
endfacet
facet normal 0.0 0.0 0.0
  outer loop
    vertex -8.14508056640625 -0.6405754089355469 4.892744064331055
    vertex 40.79502868652344 -0.6405754089355469 2.243473768234253
    vertex 41.186073303222656 -0.6405754089355469 2.4054489135742188
  endloop
endfacet
facet normal 0.0 0.0 0.0
  outer loop
    vertex 41.186073303222656 -0.6405754089355469 2.4054489135742188
    vertex 41.605709075927734 -0.6405754089355469 2.460695505142212
    vertex -8.14508056640625 -0.6405754089355469 4.892744064331055
  endloop
endfacet
facet normal 0.0 0.0 0.0
  outer loop
    vertex 42.41638946533203 -0.6405754089355469 2.243473768234253
    vertex 42.75218963623047 -0.6405754089355469 1.9858086109161377
    vertex 50.46942901611328 -0.6405754089355469 4.892744064331055
  endloop
endfacet
facet normal 0.0 0.0 0.0
  outer loop
    vertex 50.46942901611328 -0.6405754089355469 4.892744064331055
    vertex 42.75218963623047 -0.6405754089355469 1.9858086109161377
    vertex 43.009849548339844 -0.6405754089355469 1.6500128507614136
  endloop
endfacet
facet normal 0.0 0.0 0.0
  outer loop
    vertex 50.46942901611328 -0.6405754089355469 4.892744064331055
    vertex 43.009849548339844 -0.6405754089355469 1.6500128507614136
    vertex 43.17182922363281 -0.6405754089355469 1.2589702606201172
  endloop
endfacet
facet normal 0.0 0.0 0.0
  outer loop
    vertex 43.17182922363281 -0.6405754089355469 1.2589702606201172
    vertex 43.227073669433594 -0.6405754089355469 0.8393300771713257
    vertex 50.46942901611328 -0.6405754089355469 4.892744064331055
  endloop
endfacet
facet normal 0.0 0.0 0.0
  outer loop
    vertex 43.009849548339844 -0.6405754089355469 0.028647303581237793
    vertex 42.75218963623047 -0.6405754089355469 -0.3071485161781311
    vertex 50.46942901611328 -0.6405754089355469 -3.214083671569824
  endloop
endfacet
facet normal 0.0 0.0 0.0
  outer loop
    vertex 50.46942901611328 -0.6405754089355469 -3.214083671569824
    vertex 42.75218963623047 -0.6405754089355469 -0.3071485161781311
    vertex 42.41638946533203 -0.6405754089355469 -0.5648139119148254
  endloop
endfacet
facet normal 0.0 0.0 0.0
  outer loop
    vertex 50.46942901611328 -0.6405754089355469 -3.214083671569824
    vertex 42.41638946533203 -0.6405754089355469 -0.5648139119148254
    vertex 42.02534866333008 -0.6405754089355469 -0.7267884612083435
  endloop
endfacet
facet normal 0.0 0.0 0.0
  outer loop
    vertex 42.02534866333008 -0.6405754089355469 -0.7267884612083435
    vertex 41.605709075927734 -0.6405754089355469 -0.7820355296134949
    vertex 50.46942901611328 -0.6405754089355469 -3.214083671569824
  endloop
endfacet
facet normal 0.0 0.0 0.0
  outer loop
    vertex 40.79502868652344 -0.6405754089355469 -0.5648139119148254
    vertex 40.459228515625 -0.6405754089355469 -0.3071485161781311
    vertex -8.14508056640625 -0.6405754089355469 -3.214083671569824
  endloop
endfacet
facet normal 0.0 0.0 0.0
  outer loop
    vertex -8.14508056640625 -0.6405754089355469 -3.214083671569824
    vertex 40.459228515625 -0.6405754089355469 -0.3071485161781311
    vertex 40.20156478881836 -0.6405754089355469 0.028647303581237793
  endloop
endfacet
facet normal 0.0 0.0 0.0
  outer loop
    vertex -8.14508056640625 -0.6405754089355469 -3.214083671569824
    vertex 40.20156478881836 -0.6405754089355469 0.028647303581237793
    vertex 40.039588928222656 -0.6405754089355469 0.4196898639202118
  endloop
endfacet
facet normal 0.0 0.0 0.0
  outer loop
    vertex 40.039588928222656 -0.6405754089355469 0.4196898639202118
    vertex 39.984344482421875 -0.6405754089355469 0.8393300771713257
    vertex -8.14508056640625 -0.6405754089355469 -3.214083671569824
  endloop
endfacet
facet normal 0.0 0.0 0.0
  outer loop
    vertex -18.1746768951416 7.718047142028809 -3.214083671569824
    vertex -8.14508056640625 -0.6405754089355469 -3.214083671569824
    vertex -18.1746768951416 7.718047142028809 4.892744064331055
  endloop
endfacet
facet normal 0.0 0.0 0.0
  outer loop
    vertex -18.1746768951416 7.718047142028809 4.892744064331055
    vertex -8.14508056640625 -0.6405754089355469 -3.214083671569824
    vertex -8.14508056640625 -0.6405754089355469 4.892744064331055
  endloop
endfacet
facet normal 0.0 0.0 0.0
  outer loop
    vertex -32.59758377075195 7.718047142028809 1.2589703798294067
    vertex -37.63106155395508 7.718047142028809 4.892744064331055
    vertex -32.652835845947266 7.718047142028809 0.8393301963806152
  endloop
endfacet
facet normal 0.0 0.0 0.0
  outer loop
    vertex -32.652835845947266 7.718047142028809 0.8393301963806152
    vertex -37.63106155395508 7.718047142028809 4.892744064331055
    vertex -37.63106155395508 7.718047142028809 -3.214083671569824
  endloop
endfacet
facet normal 0.0 0.0 0.0
  outer loop
    vertex -32.652835845947266 7.718047142028809 0.8393301963806152
    vertex -37.63106155395508 7.718047142028809 -3.214083671569824
    vertex -32.59758377075195 7.718047142028809 0.41968995332717896
  endloop
endfacet
facet normal 0.0 0.0 0.0
  outer loop
    vertex -32.59758377075195 7.718047142028809 0.41968995332717896
    vertex -37.63106155395508 7.718047142028809 -3.214083671569824
    vertex -32.43560791015625 7.718047142028809 0.028647422790527344
  endloop
endfacet
facet normal 0.0 0.0 0.0
  outer loop
    vertex -32.43560791015625 7.718047142028809 0.028647422790527344
    vertex -37.63106155395508 7.718047142028809 -3.214083671569824
    vertex -32.17794418334961 7.718047142028809 -0.30714839696884155
  endloop
endfacet
facet normal 0.0 0.0 0.0
  outer loop
    vertex -32.17794418334961 7.718047142028809 -0.30714839696884155
    vertex -37.63106155395508 7.718047142028809 -3.214083671569824
    vertex -31.842153549194336 7.718047142028809 -0.5648137927055359
  endloop
endfacet
facet normal 0.0 0.0 0.0
  outer loop
    vertex -31.842153549194336 7.718047142028809 -0.5648137927055359
    vertex -37.63106155395508 7.718047142028809 -3.214083671569824
    vertex -31.45111083984375 7.718047142028809 -0.726788341999054
  endloop
endfacet
facet normal 0.0 0.0 0.0
  outer loop
    vertex -31.45111083984375 7.718047142028809 -0.726788341999054
    vertex -37.63106155395508 7.718047142028809 -3.214083671569824
    vertex -31.031471252441406 7.718047142028809 -0.7820354104042053
  endloop
endfacet
facet normal 0.0 0.0 0.0
  outer loop
    vertex -31.031471252441406 7.718047142028809 -0.7820354104042053
    vertex -37.63106155395508 7.718047142028809 -3.214083671569824
    vertex -18.1746768951416 7.718047142028809 -3.214083671569824
  endloop
endfacet
facet normal 0.0 0.0 0.0
  outer loop
    vertex -31.031471252441406 7.718047142028809 -0.7820354104042053
    vertex -18.1746768951416 7.718047142028809 -3.214083671569824
    vertex -30.61182975769043 7.718047142028809 -0.726788341999054
  endloop
endfacet
facet normal 0.0 0.0 0.0
  outer loop
    vertex -30.61182975769043 7.718047142028809 -0.726788341999054
    vertex -18.1746768951416 7.718047142028809 -3.214083671569824
    vertex -30.220787048339844 7.718047142028809 -0.5648137927055359
  endloop
endfacet
facet normal 0.0 0.0 0.0
  outer loop
    vertex -30.220787048339844 7.718047142028809 -0.5648137927055359
    vertex -18.1746768951416 7.718047142028809 -3.214083671569824
    vertex -29.884984970092773 7.718047142028809 -0.30714839696884155
  endloop
endfacet
facet normal 0.0 0.0 0.0
  outer loop
    vertex -29.884984970092773 7.718047142028809 -0.30714839696884155
    vertex -18.1746768951416 7.718047142028809 -3.214083671569824
    vertex -29.627323150634766 7.718047142028809 0.028647422790527344
  endloop
endfacet
facet normal 0.0 0.0 0.0
  outer loop
    vertex -29.627323150634766 7.718047142028809 0.028647422790527344
    vertex -18.1746768951416 7.718047142028809 -3.214083671569824
    vertex -29.465354919433594 7.718047142028809 0.41968995332717896
  endloop
endfacet
facet normal 0.0 0.0 0.0
  outer loop
    vertex -29.465354919433594 7.718047142028809 0.41968995332717896
    vertex -18.1746768951416 7.718047142028809 -3.214083671569824
    vertex -29.410104751586914 7.718047142028809 0.8393301963806152
  endloop
endfacet
facet normal 0.0 0.0 0.0
  outer loop
    vertex -29.410104751586914 7.718047142028809 0.8393301963806152
    vertex -18.1746768951416 7.718047142028809 -3.214083671569824
    vertex -18.1746768951416 7.718047142028809 4.892744064331055
  endloop
endfacet
facet normal 0.0 0.0 0.0
  outer loop
    vertex -29.410104751586914 7.718047142028809 0.8393301963806152
    vertex -18.1746768951416 7.718047142028809 4.892744064331055
    vertex -29.465354919433594 7.718047142028809 1.2589703798294067
  endloop
endfacet
facet normal 0.0 0.0 0.0
  outer loop
    vertex -29.465354919433594 7.718047142028809 1.2589703798294067
    vertex -18.1746768951416 7.718047142028809 4.892744064331055
    vertex -29.627323150634766 7.718047142028809 1.6500129699707031
  endloop
endfacet
facet normal 0.0 0.0 0.0
  outer loop
    vertex -29.627323150634766 7.718047142028809 1.6500129699707031
    vertex -18.1746768951416 7.718047142028809 4.892744064331055
    vertex -29.884984970092773 7.718047142028809 1.9858088493347168
  endloop
endfacet
facet normal 0.0 0.0 0.0
  outer loop
    vertex -29.884984970092773 7.718047142028809 1.9858088493347168
    vertex -18.1746768951416 7.718047142028809 4.892744064331055
    vertex -30.220787048339844 7.718047142028809 2.243473768234253
  endloop
endfacet
facet normal 0.0 0.0 0.0
  outer loop
    vertex -30.220787048339844 7.718047142028809 2.243473768234253
    vertex -18.1746768951416 7.718047142028809 4.892744064331055
    vertex -30.61182975769043 7.718047142028809 2.405449151992798
  endloop
endfacet
facet normal 0.0 0.0 0.0
  outer loop
    vertex -30.61182975769043 7.718047142028809 2.405449151992798
    vertex -18.1746768951416 7.718047142028809 4.892744064331055
    vertex -31.031471252441406 7.718047142028809 2.460695743560791
  endloop
endfacet
facet normal 0.0 0.0 0.0
  outer loop
    vertex -31.031471252441406 7.718047142028809 2.460695743560791
    vertex -18.1746768951416 7.718047142028809 4.892744064331055
    vertex -37.63106155395508 7.718047142028809 4.892744064331055
  endloop
endfacet
facet normal 0.0 0.0 0.0
  outer loop
    vertex -31.031471252441406 7.718047142028809 2.460695743560791
    vertex -37.63106155395508 7.718047142028809 4.892744064331055
    vertex -31.45111083984375 7.718047142028809 2.405449151992798
  endloop
endfacet
facet normal 0.0 0.0 0.0
  outer loop
    vertex -31.45111083984375 7.718047142028809 2.405449151992798
    vertex -37.63106155395508 7.718047142028809 4.892744064331055
    vertex -31.842153549194336 7.718047142028809 2.243473768234253
  endloop
endfacet
facet normal 0.0 0.0 0.0
  outer loop
    vertex -31.842153549194336 7.718047142028809 2.243473768234253
    vertex -37.63106155395508 7.718047142028809 4.892744064331055
    vertex -32.17794418334961 7.718047142028809 1.9858088493347168
  endloop
endfacet
facet normal 0.0 0.0 0.0
  outer loop
    vertex -32.17794418334961 7.718047142028809 1.9858088493347168
    vertex -37.63106155395508 7.718047142028809 4.892744064331055
    vertex -32.43560791015625 7.718047142028809 1.6500129699707031
  endloop
endfacet
facet normal 0.0 0.0 0.0
  outer loop
    vertex -32.43560791015625 7.718047142028809 1.6500129699707031
    vertex -37.63106155395508 7.718047142028809 4.892744064331055
    vertex -32.59758377075195 7.718047142028809 1.2589703798294067
  endloop
endfacet
facet normal 0.0 0.0 0.0
  outer loop
    vertex -32.59758377075195 41.2231559753418 0.41968995332717896
    vertex -37.78700256347656 41.2231559753418 -3.214083671569824
    vertex -32.652835845947266 41.2231559753418 0.8393301963806152
  endloop
endfacet
facet normal 0.0 0.0 0.0
  outer loop
    vertex -32.652835845947266 41.2231559753418 0.8393301963806152
    vertex -37.78700256347656 41.2231559753418 -3.214083671569824
    vertex -37.78700256347656 41.2231559753418 4.892744064331055
  endloop
endfacet
facet normal 0.0 0.0 0.0
  outer loop
    vertex -32.652835845947266 41.2231559753418 0.8393301963806152
    vertex -37.78700256347656 41.2231559753418 4.892744064331055
    vertex -32.59758377075195 41.2231559753418 1.2589703798294067
  endloop
endfacet
facet normal 0.0 0.0 0.0
  outer loop
    vertex -32.59758377075195 41.2231559753418 1.2589703798294067
    vertex -37.78700256347656 41.2231559753418 4.892744064331055
    vertex -32.43560791015625 41.2231559753418 1.6500129699707031
  endloop
endfacet
facet normal 0.0 0.0 0.0
  outer loop
    vertex -32.43560791015625 41.2231559753418 1.6500129699707031
    vertex -37.78700256347656 41.2231559753418 4.892744064331055
    vertex -32.17794418334961 41.2231559753418 1.9858088493347168
  endloop
endfacet
facet normal 0.0 0.0 0.0
  outer loop
    vertex -32.17794418334961 41.2231559753418 1.9858088493347168
    vertex -37.78700256347656 41.2231559753418 4.892744064331055
    vertex -31.842153549194336 41.2231559753418 2.243473768234253
  endloop
endfacet
facet normal 0.0 0.0 0.0
  outer loop
    vertex -31.842153549194336 41.2231559753418 2.243473768234253
    vertex -37.78700256347656 41.2231559753418 4.892744064331055
    vertex -31.45111083984375 41.2231559753418 2.405449151992798
  endloop
endfacet
facet normal 0.0 0.0 0.0
  outer loop
    vertex -31.45111083984375 41.2231559753418 2.405449151992798
    vertex -37.78700256347656 41.2231559753418 4.892744064331055
    vertex -31.031471252441406 41.2231559753418 2.460695743560791
  endloop
endfacet
facet normal 0.0 0.0 0.0
  outer loop
    vertex -31.031471252441406 41.2231559753418 2.460695743560791
    vertex -37.78700256347656 41.2231559753418 4.892744064331055
    vertex -18.330623626708984 41.2231559753418 4.892744064331055
  endloop
endfacet
facet normal 0.0 0.0 0.0
  outer loop
    vertex -31.031471252441406 41.2231559753418 2.460695743560791
    vertex -18.330623626708984 41.2231559753418 4.892744064331055
    vertex -30.61182975769043 41.2231559753418 2.405449151992798
  endloop
endfacet
facet normal 0.0 0.0 0.0
  outer loop
    vertex -30.61182975769043 41.2231559753418 2.405449151992798
    vertex -18.330623626708984 41.2231559753418 4.892744064331055
    vertex -30.220787048339844 41.2231559753418 2.243473768234253
  endloop
endfacet
facet normal 0.0 0.0 0.0
  outer loop
    vertex -30.220787048339844 41.2231559753418 2.243473768234253
    vertex -18.330623626708984 41.2231559753418 4.892744064331055
    vertex -29.884984970092773 41.2231559753418 1.9858088493347168
  endloop
endfacet
facet normal 0.0 0.0 0.0
  outer loop
    vertex -29.884984970092773 41.2231559753418 1.9858088493347168
    vertex -18.330623626708984 41.2231559753418 4.892744064331055
    vertex -29.627323150634766 41.2231559753418 1.6500129699707031
  endloop
endfacet
facet normal 0.0 0.0 0.0
  outer loop
    vertex -29.627323150634766 41.2231559753418 1.6500129699707031
    vertex -18.330623626708984 41.2231559753418 4.892744064331055
    vertex -29.465354919433594 41.2231559753418 1.2589703798294067
  endloop
endfacet
facet normal 0.0 0.0 0.0
  outer loop
    vertex -29.465354919433594 41.2231559753418 1.2589703798294067
    vertex -18.330623626708984 41.2231559753418 4.892744064331055
    vertex -29.410104751586914 41.2231559753418 0.8393301963806152
  endloop
endfacet
facet normal 0.0 0.0 0.0
  outer loop
    vertex -29.410104751586914 41.2231559753418 0.8393301963806152
    vertex -18.330623626708984 41.2231559753418 4.892744064331055
    vertex -18.330623626708984 41.2231559753418 -3.214083671569824
  endloop
endfacet
facet normal 0.0 0.0 0.0
  outer loop
    vertex -29.410104751586914 41.2231559753418 0.8393301963806152
    vertex -18.330623626708984 41.2231559753418 -3.214083671569824
    vertex -29.465354919433594 41.2231559753418 0.41968995332717896
  endloop
endfacet
facet normal 0.0 0.0 0.0
  outer loop
    vertex -29.465354919433594 41.2231559753418 0.41968995332717896
    vertex -18.330623626708984 41.2231559753418 -3.214083671569824
    vertex -29.627323150634766 41.2231559753418 0.028647422790527344
  endloop
endfacet
facet normal 0.0 0.0 0.0
  outer loop
    vertex -29.627323150634766 41.2231559753418 0.028647422790527344
    vertex -18.330623626708984 41.2231559753418 -3.214083671569824
    vertex -29.884984970092773 41.2231559753418 -0.30714839696884155
  endloop
endfacet
facet normal 0.0 0.0 0.0
  outer loop
    vertex -29.884984970092773 41.2231559753418 -0.30714839696884155
    vertex -18.330623626708984 41.2231559753418 -3.214083671569824
    vertex -30.220787048339844 41.2231559753418 -0.5648137927055359
  endloop
endfacet
facet normal 0.0 0.0 0.0
  outer loop
    vertex -30.220787048339844 41.2231559753418 -0.5648137927055359
    vertex -18.330623626708984 41.2231559753418 -3.214083671569824
    vertex -30.61182975769043 41.2231559753418 -0.726788341999054
  endloop
endfacet
facet normal 0.0 0.0 0.0
  outer loop
    vertex -30.61182975769043 41.2231559753418 -0.726788341999054
    vertex -18.330623626708984 41.2231559753418 -3.214083671569824
    vertex -31.031471252441406 41.2231559753418 -0.7820354104042053
  endloop
endfacet
facet normal 0.0 0.0 0.0
  outer loop
    vertex -31.031471252441406 41.2231559753418 -0.7820354104042053
    vertex -18.330623626708984 41.2231559753418 -3.214083671569824
    vertex -37.78700256347656 41.2231559753418 -3.214083671569824
  endloop
endfacet
facet normal 0.0 0.0 0.0
  outer loop
    vertex -31.031471252441406 41.2231559753418 -0.7820354104042053
    vertex -37.78700256347656 41.2231559753418 -3.214083671569824
    vertex -31.45111083984375 41.2231559753418 -0.726788341999054
  endloop
endfacet
facet normal 0.0 0.0 0.0
  outer loop
    vertex -31.45111083984375 41.2231559753418 -0.726788341999054
    vertex -37.78700256347656 41.2231559753418 -3.214083671569824
    vertex -31.842153549194336 41.2231559753418 -0.5648137927055359
  endloop
endfacet
facet normal 0.0 0.0 0.0
  outer loop
    vertex -31.842153549194336 41.2231559753418 -0.5648137927055359
    vertex -37.78700256347656 41.2231559753418 -3.214083671569824
    vertex -32.17794418334961 41.2231559753418 -0.30714839696884155
  endloop
endfacet
facet normal 0.0 0.0 0.0
  outer loop
    vertex -32.17794418334961 41.2231559753418 -0.30714839696884155
    vertex -37.78700256347656 41.2231559753418 -3.214083671569824
    vertex -32.43560791015625 41.2231559753418 0.028647422790527344
  endloop
endfacet
facet normal 0.0 0.0 0.0
  outer loop
    vertex -32.43560791015625 41.2231559753418 0.028647422790527344
    vertex -37.78700256347656 41.2231559753418 -3.214083671569824
    vertex -32.59758377075195 41.2231559753418 0.41968995332717896
  endloop
endfacet
facet normal 0.0 0.0 0.0
  outer loop
    vertex -8.14508056640625 49.74466323852539 -3.214083671569824
    vertex -18.330623626708984 41.2231559753418 -3.214083671569824
    vertex -8.14508056640625 49.74466323852539 4.892744064331055
  endloop
endfacet
facet normal 0.0 0.0 0.0
  outer loop
    vertex -8.14508056640625 49.74466323852539 4.892744064331055
    vertex -18.330623626708984 41.2231559753418 -3.214083671569824
    vertex -18.330623626708984 41.2231559753418 4.892744064331055
  endloop
endfacet
facet normal 0.0 0.0 0.0
  outer loop
    vertex -8.14508056640625 49.74466323852539 -3.214083671569824
    vertex 41.605709075927734 49.74466323852539 -0.7820355296134949
    vertex 50.46942901611328 49.74466323852539 -3.214083671569824
  endloop
endfacet
facet normal 0.0 0.0 0.0
  outer loop
    vertex 50.46942901611328 49.74466323852539 -3.214083671569824
    vertex 41.605709075927734 49.74466323852539 -0.7820355296134949
    vertex 42.02534866333008 49.74466323852539 -0.7267884612083435
  endloop
endfacet
facet normal 0.0 0.0 0.0
  outer loop
    vertex 50.46942901611328 49.74466323852539 -3.214083671569824
    vertex 42.02534866333008 49.74466323852539 -0.7267884612083435
    vertex 42.41638946533203 49.74466323852539 -0.5648139119148254
  endloop
endfacet
facet normal 0.0 0.0 0.0
  outer loop
    vertex -8.14508056640625 49.74466323852539 4.892744064331055
    vertex 39.984344482421875 49.74466323852539 0.8393300771713257
    vertex -8.14508056640625 49.74466323852539 -3.214083671569824
  endloop
endfacet
facet normal 0.0 0.0 0.0
  outer loop
    vertex -8.14508056640625 49.74466323852539 -3.214083671569824
    vertex 39.984344482421875 49.74466323852539 0.8393300771713257
    vertex 40.039588928222656 49.74466323852539 0.4196898639202118
  endloop
endfacet
facet normal 0.0 0.0 0.0
  outer loop
    vertex -8.14508056640625 49.74466323852539 -3.214083671569824
    vertex 40.039588928222656 49.74466323852539 0.4196898639202118
    vertex 40.20156478881836 49.74466323852539 0.028647303581237793
  endloop
endfacet
facet normal 0.0 0.0 0.0
  outer loop
    vertex 50.46942901611328 49.74466323852539 4.892744064331055
    vertex 41.605709075927734 49.74466323852539 2.460695505142212
    vertex -8.14508056640625 49.74466323852539 4.892744064331055
  endloop
endfacet
facet normal 0.0 0.0 0.0
  outer loop
    vertex -8.14508056640625 49.74466323852539 4.892744064331055
    vertex 41.605709075927734 49.74466323852539 2.460695505142212
    vertex 41.186073303222656 49.74466323852539 2.4054489135742188
  endloop
endfacet
facet normal 0.0 0.0 0.0
  outer loop
    vertex -8.14508056640625 49.74466323852539 4.892744064331055
    vertex 41.186073303222656 49.74466323852539 2.4054489135742188
    vertex 40.79502868652344 49.74466323852539 2.243473768234253
  endloop
endfacet
facet normal 0.0 0.0 0.0
  outer loop
    vertex 50.46942901611328 49.74466323852539 -3.214083671569824
    vertex 43.227073669433594 49.74466323852539 0.8393300771713257
    vertex 50.46942901611328 49.74466323852539 4.892744064331055
  endloop
endfacet
facet normal 0.0 0.0 0.0
  outer loop
    vertex 50.46942901611328 49.74466323852539 4.892744064331055
    vertex 43.227073669433594 49.74466323852539 0.8393300771713257
    vertex 43.17182922363281 49.74466323852539 1.2589702606201172
  endloop
endfacet
facet normal 0.0 0.0 0.0
  outer loop
    vertex 50.46942901611328 49.74466323852539 4.892744064331055
    vertex 43.17182922363281 49.74466323852539 1.2589702606201172
    vertex 43.009849548339844 49.74466323852539 1.6500128507614136
  endloop
endfacet
facet normal 0.0 0.0 0.0
  outer loop
    vertex 40.20156478881836 49.74466323852539 0.028647303581237793
    vertex 40.459228515625 49.74466323852539 -0.3071485161781311
    vertex -8.14508056640625 49.74466323852539 -3.214083671569824
  endloop
endfacet
facet normal 0.0 0.0 0.0
  outer loop
    vertex -8.14508056640625 49.74466323852539 -3.214083671569824
    vertex 40.459228515625 49.74466323852539 -0.3071485161781311
    vertex 40.79502868652344 49.74466323852539 -0.5648139119148254
  endloop
endfacet
facet normal 0.0 0.0 0.0
  outer loop
    vertex -8.14508056640625 49.74466323852539 -3.214083671569824
    vertex 40.79502868652344 49.74466323852539 -0.5648139119148254
    vertex 41.186073303222656 49.74466323852539 -0.7267884612083435
  endloop
endfacet
facet normal 0.0 0.0 0.0
  outer loop
    vertex 41.186073303222656 49.74466323852539 -0.7267884612083435
    vertex 41.605709075927734 49.74466323852539 -0.7820355296134949
    vertex -8.14508056640625 49.74466323852539 -3.214083671569824
  endloop
endfacet
facet normal 0.0 0.0 0.0
  outer loop
    vertex 42.41638946533203 49.74466323852539 -0.5648139119148254
    vertex 42.75218963623047 49.74466323852539 -0.3071485161781311
    vertex 50.46942901611328 49.74466323852539 -3.214083671569824
  endloop
endfacet
facet normal 0.0 0.0 0.0
  outer loop
    vertex 50.46942901611328 49.74466323852539 -3.214083671569824
    vertex 42.75218963623047 49.74466323852539 -0.3071485161781311
    vertex 43.009849548339844 49.74466323852539 0.028647303581237793
  endloop
endfacet
facet normal 0.0 0.0 0.0
  outer loop
    vertex 50.46942901611328 49.74466323852539 -3.214083671569824
    vertex 43.009849548339844 49.74466323852539 0.028647303581237793
    vertex 43.17182922363281 49.74466323852539 0.4196898639202118
  endloop
endfacet
facet normal 0.0 0.0 0.0
  outer loop
    vertex 43.17182922363281 49.74466323852539 0.4196898639202118
    vertex 43.227073669433594 49.74466323852539 0.8393300771713257
    vertex 50.46942901611328 49.74466323852539 -3.214083671569824
  endloop
endfacet
facet normal 0.0 0.0 0.0
  outer loop
    vertex 43.009849548339844 49.74466323852539 1.6500128507614136
    vertex 42.75218963623047 49.74466323852539 1.9858086109161377
    vertex 50.46942901611328 49.74466323852539 4.892744064331055
  endloop
endfacet
facet normal 0.0 0.0 0.0
  outer loop
    vertex 50.46942901611328 49.74466323852539 4.892744064331055
    vertex 42.75218963623047 49.74466323852539 1.9858086109161377
    vertex 42.41638946533203 49.74466323852539 2.243473768234253
  endloop
endfacet
facet normal 0.0 0.0 0.0
  outer loop
    vertex 50.46942901611328 49.74466323852539 4.892744064331055
    vertex 42.41638946533203 49.74466323852539 2.243473768234253
    vertex 42.02534866333008 49.74466323852539 2.4054489135742188
  endloop
endfacet
facet normal 0.0 0.0 0.0
  outer loop
    vertex 42.02534866333008 49.74466323852539 2.4054489135742188
    vertex 41.605709075927734 49.74466323852539 2.460695505142212
    vertex 50.46942901611328 49.74466323852539 4.892744064331055
  endloop
endfacet
facet normal 0.0 0.0 0.0
  outer loop
    vertex 40.79502868652344 49.74466323852539 2.243473768234253
    vertex 40.459228515625 49.74466323852539 1.9858086109161377
    vertex -8.14508056640625 49.74466323852539 4.892744064331055
  endloop
endfacet
facet normal 0.0 0.0 0.0
  outer loop
    vertex -8.14508056640625 49.74466323852539 4.892744064331055
    vertex 40.459228515625 49.74466323852539 1.9858086109161377
    vertex 40.20156478881836 49.74466323852539 1.6500128507614136
  endloop
endfacet
facet normal 0.0 0.0 0.0
  outer loop
    vertex -8.14508056640625 49.74466323852539 4.892744064331055
    vertex 40.20156478881836 49.74466323852539 1.6500128507614136
    vertex 40.039588928222656 49.74466323852539 1.2589702606201172
  endloop
endfacet
facet normal 0.0 0.0 0.0
  outer loop
    vertex 40.039588928222656 49.74466323852539 1.2589702606201172
    vertex 39.984344482421875 49.74466323852539 0.8393300771713257
    vertex -8.14508056640625 49.74466323852539 4.892744064331055
  endloop
endfacet
facet normal 0.0 0.0 0.0
  outer loop
    vertex -6.145647048950195 31.037487030029297 4.892744064331055
    vertex -40.68073272705078 31.037487030029297 4.892744064331055
    vertex -6.145647048950195 18.06656265258789 4.892744064331055
  endloop
endfacet
facet normal 0.0 0.0 0.0
  outer loop
    vertex -6.145647048950195 18.06656265258789 4.892744064331055
    vertex -40.68073272705078 31.037487030029297 4.892744064331055
    vertex -40.68073272705078 18.06656265258789 4.892744064331055
  endloop
endfacet
facet normal 0.0 0.0 0.0
  outer loop
    vertex -6.145647048950195 18.06656265258789 4.892744064331055
    vertex -40.68073272705078 18.06656265258789 4.892744064331055
    vertex -18.1746768951416 7.718047142028809 4.892744064331055
  endloop
endfacet
facet normal 0.0 0.0 0.0
  outer loop
    vertex -18.1746768951416 7.718047142028809 4.892744064331055
    vertex -40.68073272705078 18.06656265258789 4.892744064331055
    vertex -37.63106155395508 7.718047142028809 4.892744064331055
  endloop
endfacet
facet normal 0.0 0.0 0.0
  outer loop
    vertex -40.68073272705078 31.037487030029297 4.892744064331055
    vertex -6.145647048950195 31.037487030029297 4.892744064331055
    vertex -18.330623626708984 41.2231559753418 4.892744064331055
  endloop
endfacet
facet normal 0.0 0.0 0.0
  outer loop
    vertex -18.330623626708984 41.2231559753418 4.892744064331055
    vertex -6.145647048950195 31.037487030029297 4.892744064331055
    vertex 13.310739517211914 31.037487030029297 4.892744064331055
  endloop
endfacet
facet normal 0.0 0.0 0.0
  outer loop
    vertex -18.330623626708984 41.2231559753418 4.892744064331055
    vertex 13.310739517211914 31.037487030029297 4.892744064331055
    vertex -8.14508056640625 49.74466323852539 4.892744064331055
  endloop
endfacet
facet normal 0.0 0.0 0.0
  outer loop
    vertex -8.14508056640625 49.74466323852539 4.892744064331055
    vertex 13.310739517211914 31.037487030029297 4.892744064331055
    vertex 50.46942901611328 49.74466323852539 4.892744064331055
  endloop
endfacet
facet normal 0.0 0.0 0.0
  outer loop
    vertex 50.46942901611328 49.74466323852539 4.892744064331055
    vertex 13.310739517211914 31.037487030029297 4.892744064331055
    vertex 56.197998046875 44.008453369140625 4.892744064331055
  endloop
endfacet
facet normal 0.0 0.0 0.0
  outer loop
    vertex 56.197998046875 44.008453369140625 4.892744064331055
    vertex 13.310739517211914 31.037487030029297 4.892744064331055
    vertex 56.197998046875 5.095639228820801 4.892744064331055
  endloop
endfacet
facet normal 0.0 0.0 0.0
  outer loop
    vertex 56.197998046875 5.095639228820801 4.892744064331055
    vertex 13.310739517211914 31.037487030029297 4.892744064331055
    vertex 13.310739517211914 18.06656265258789 4.892744064331055
  endloop
endfacet
facet normal 0.0 0.0 0.0
  outer loop
    vertex 56.197998046875 5.095639228820801 4.892744064331055
    vertex 13.310739517211914 18.06656265258789 4.892744064331055
    vertex 50.46942901611328 -0.6405754089355469 4.892744064331055
  endloop
endfacet
facet normal 0.0 0.0 0.0
  outer loop
    vertex 50.46942901611328 -0.6405754089355469 4.892744064331055
    vertex 13.310739517211914 18.06656265258789 4.892744064331055
    vertex -8.14508056640625 -0.6405754089355469 4.892744064331055
  endloop
endfacet
facet normal 0.0 0.0 0.0
  outer loop
    vertex -8.14508056640625 -0.6405754089355469 4.892744064331055
    vertex 13.310739517211914 18.06656265258789 4.892744064331055
    vertex -18.1746768951416 7.718047142028809 4.892744064331055
  endloop
endfacet
facet normal 0.0 0.0 0.0
  outer loop
    vertex -18.1746768951416 7.718047142028809 4.892744064331055
    vertex 13.310739517211914 18.06656265258789 4.892744064331055
    vertex -6.145647048950195 18.06656265258789 4.892744064331055
  endloop
endfacet
facet normal 0.0 0.0 0.0
  outer loop
    vertex -18.330623626708984 41.2231559753418 4.892744064331055
    vertex -37.78700256347656 41.2231559753418 4.892744064331055
    vertex -40.68073272705078 31.037487030029297 4.892744064331055
  endloop
endfacet
facet normal 0.0 0.0 0.0
  outer loop
    vertex -40.68073272705078 31.037487030029297 4.892744064331055
    vertex -43.9234619140625 31.037487030029297 4.892744064331055
    vertex -40.68073272705078 18.06656265258789 4.892744064331055
  endloop
endfacet
facet normal 0.0 0.0 0.0
  outer loop
    vertex -40.68073272705078 18.06656265258789 4.892744064331055
    vertex -43.9234619140625 31.037487030029297 4.892744064331055
    vertex -43.9234619140625 18.06656265258789 4.892744064331055
  endloop
endfacet
facet normal 0.0 0.0 0.0
  outer loop
    vertex -43.9234619140625 18.06656265258789 4.892744064331055
    vertex -43.9234619140625 31.037487030029297 4.892744064331055
    vertex -49.11183166503906 6.717004299163818 4.892744064331055
  endloop
endfacet
facet normal 0.0 0.0 0.0
  outer loop
    vertex -43.9234619140625 18.06656265258789 4.892744064331055
    vertex -49.11183166503906 6.717004299163818 4.892744064331055
    vertex -43.9234619140625 1.8529081344604492 4.892744064331055
  endloop
endfacet
facet normal 0.0 0.0 0.0
  outer loop
    vertex -43.9234619140625 1.8529081344604492 4.892744064331055
    vertex -49.11183166503906 6.717004299163818 4.892744064331055
    vertex -48.94609451293945 5.458110809326172 4.892744064331055
  endloop
endfacet
facet normal 0.0 0.0 0.0
  outer loop
    vertex -43.9234619140625 1.8529081344604492 4.892744064331055
    vertex -48.94609451293945 5.458110809326172 4.892744064331055
    vertex -48.460166931152344 4.284955978393555 4.892744064331055
  endloop
endfacet
facet normal 0.0 0.0 0.0
  outer loop
    vertex -49.11183166503906 6.717004299163818 4.892744064331055
    vertex -43.9234619140625 31.037487030029297 4.892744064331055
    vertex -49.11183166503906 42.3870849609375 4.892744064331055
  endloop
endfacet
facet normal 0.0 0.0 0.0
  outer loop
    vertex -49.11183166503906 42.3870849609375 4.892744064331055
    vertex -43.9234619140625 31.037487030029297 4.892744064331055
    vertex -43.9234619140625 47.251182556152344 4.892744064331055
  endloop
endfacet
facet normal 0.0 0.0 0.0
  outer loop
    vertex -49.11183166503906 42.3870849609375 4.892744064331055
    vertex -43.9234619140625 47.251182556152344 4.892744064331055
    vertex -48.94609451293945 43.645938873291016 4.892744064331055
  endloop
endfacet
facet normal 0.0 0.0 0.0
  outer loop
    vertex -48.94609451293945 43.645938873291016 4.892744064331055
    vertex -43.9234619140625 47.251182556152344 4.892744064331055
    vertex -48.460166931152344 44.81913375854492 4.892744064331055
  endloop
endfacet
facet normal 0.0 0.0 0.0
  outer loop
    vertex -48.460166931152344 44.81913375854492 4.892744064331055
    vertex -43.9234619140625 47.251182556152344 4.892744064331055
    vertex -47.68716812133789 45.82646942138672 4.892744064331055
  endloop
endfacet
facet normal 0.0 0.0 0.0
  outer loop
    vertex -47.68716812133789 45.82646942138672 4.892744064331055
    vertex -43.9234619140625 47.251182556152344 4.892744064331055
    vertex -46.67978286743164 46.59946823120117 4.892744064331055
  endloop
endfacet
facet normal 0.0 0.0 0.0
  outer loop
    vertex -46.67978286743164 46.59946823120117 4.892744064331055
    vertex -43.9234619140625 47.251182556152344 4.892744064331055
    vertex -44.24773406982422 47.251182556152344 4.892744064331055
  endloop
endfacet
facet normal 0.0 0.0 0.0
  outer loop
    vertex -46.67978286743164 46.59946823120117 4.892744064331055
    vertex -44.24773406982422 47.251182556152344 4.892744064331055
    vertex -45.50666046142578 47.08540344238281 4.892744064331055
  endloop
endfacet
facet normal 0.0 0.0 0.0
  outer loop
    vertex -48.460166931152344 4.284955978393555 4.892744064331055
    vertex -47.68716812133789 3.2775802612304688 4.892744064331055
    vertex -43.9234619140625 1.8529081344604492 4.892744064331055
  endloop
endfacet
facet normal 0.0 0.0 0.0
  outer loop
    vertex -43.9234619140625 1.8529081344604492 4.892744064331055
    vertex -47.68716812133789 3.2775802612304688 4.892744064331055
    vertex -46.67978286743164 2.5045814514160156 4.892744064331055
  endloop
endfacet
facet normal 0.0 0.0 0.0
  outer loop
    vertex -43.9234619140625 1.8529081344604492 4.892744064331055
    vertex -46.67978286743164 2.5045814514160156 4.892744064331055
    vertex -44.24773406982422 1.8529081344604492 4.892744064331055
  endloop
endfacet
facet normal 0.0 0.0 0.0
  outer loop
    vertex -44.24773406982422 1.8529081344604492 4.892744064331055
    vertex -46.67978286743164 2.5045814514160156 4.892744064331055
    vertex -45.50666046142578 2.018646240234375 4.892744064331055
  endloop
endfacet
facet normal 0.0 0.0 0.0
  outer loop
    vertex -6.145647048950195 18.06656265258789 -3.214083671569824
    vertex -40.68073272705078 18.06656265258789 -3.214083671569824
    vertex -6.145647048950195 31.037487030029297 -3.214083671569824
  endloop
endfacet
facet normal 0.0 0.0 0.0
  outer loop
    vertex -6.145647048950195 31.037487030029297 -3.214083671569824
    vertex -40.68073272705078 18.06656265258789 -3.214083671569824
    vertex -40.68073272705078 31.037487030029297 -3.214083671569824
  endloop
endfacet
facet normal 0.0 0.0 0.0
  outer loop
    vertex -6.145647048950195 31.037487030029297 -3.214083671569824
    vertex -40.68073272705078 31.037487030029297 -3.214083671569824
    vertex -18.330623626708984 41.2231559753418 -3.214083671569824
  endloop
endfacet
facet normal 0.0 0.0 0.0
  outer loop
    vertex -18.330623626708984 41.2231559753418 -3.214083671569824
    vertex -40.68073272705078 31.037487030029297 -3.214083671569824
    vertex -37.78700256347656 41.2231559753418 -3.214083671569824
  endloop
endfacet
facet normal 0.0 0.0 0.0
  outer loop
    vertex -40.68073272705078 18.06656265258789 -3.214083671569824
    vertex -6.145647048950195 18.06656265258789 -3.214083671569824
    vertex -18.1746768951416 7.718047142028809 -3.214083671569824
  endloop
endfacet
facet normal 0.0 0.0 0.0
  outer loop
    vertex -18.1746768951416 7.718047142028809 -3.214083671569824
    vertex -6.145647048950195 18.06656265258789 -3.214083671569824
    vertex 13.310739517211914 18.06656265258789 -3.214083671569824
  endloop
endfacet
facet normal 0.0 0.0 0.0
  outer loop
    vertex -18.1746768951416 7.718047142028809 -3.214083671569824
    vertex 13.310739517211914 18.06656265258789 -3.214083671569824
    vertex -8.14508056640625 -0.6405754089355469 -3.214083671569824
  endloop
endfacet
facet normal 0.0 0.0 0.0
  outer loop
    vertex -8.14508056640625 -0.6405754089355469 -3.214083671569824
    vertex 13.310739517211914 18.06656265258789 -3.214083671569824
    vertex 50.46942901611328 -0.6405754089355469 -3.214083671569824
  endloop
endfacet
facet normal 0.0 0.0 0.0
  outer loop
    vertex 50.46942901611328 -0.6405754089355469 -3.214083671569824
    vertex 13.310739517211914 18.06656265258789 -3.214083671569824
    vertex 56.197998046875 5.095639228820801 -3.214083671569824
  endloop
endfacet
facet normal 0.0 0.0 0.0
  outer loop
    vertex 56.197998046875 5.095639228820801 -3.214083671569824
    vertex 13.310739517211914 18.06656265258789 -3.214083671569824
    vertex 13.310739517211914 31.037487030029297 -3.214083671569824
  endloop
endfacet
facet normal 0.0 0.0 0.0
  outer loop
    vertex 56.197998046875 5.095639228820801 -3.214083671569824
    vertex 13.310739517211914 31.037487030029297 -3.214083671569824
    vertex 56.197998046875 44.008453369140625 -3.214083671569824
  endloop
endfacet
facet normal 0.0 0.0 0.0
  outer loop
    vertex 56.197998046875 44.008453369140625 -3.214083671569824
    vertex 13.310739517211914 31.037487030029297 -3.214083671569824
    vertex 50.46942901611328 49.74466323852539 -3.214083671569824
  endloop
endfacet
facet normal 0.0 0.0 0.0
  outer loop
    vertex 50.46942901611328 49.74466323852539 -3.214083671569824
    vertex 13.310739517211914 31.037487030029297 -3.214083671569824
    vertex -8.14508056640625 49.74466323852539 -3.214083671569824
  endloop
endfacet
facet normal 0.0 0.0 0.0
  outer loop
    vertex -8.14508056640625 49.74466323852539 -3.214083671569824
    vertex 13.310739517211914 31.037487030029297 -3.214083671569824
    vertex -18.330623626708984 41.2231559753418 -3.214083671569824
  endloop
endfacet
facet normal 0.0 0.0 0.0
  outer loop
    vertex -18.330623626708984 41.2231559753418 -3.214083671569824
    vertex 13.310739517211914 31.037487030029297 -3.214083671569824
    vertex -6.145647048950195 31.037487030029297 -3.214083671569824
  endloop
endfacet
facet normal 0.0 0.0 0.0
  outer loop
    vertex -18.1746768951416 7.718047142028809 -3.214083671569824
    vertex -37.63106155395508 7.718047142028809 -3.214083671569824
    vertex -40.68073272705078 18.06656265258789 -3.214083671569824
  endloop
endfacet
facet normal 0.0 0.0 0.0
  outer loop
    vertex -40.68073272705078 18.06656265258789 -3.214083671569824
    vertex -43.9234619140625 18.06656265258789 -3.214083671569824
    vertex -40.68073272705078 31.037487030029297 -3.214083671569824
  endloop
endfacet
facet normal 0.0 0.0 0.0
  outer loop
    vertex -40.68073272705078 31.037487030029297 -3.214083671569824
    vertex -43.9234619140625 18.06656265258789 -3.214083671569824
    vertex -43.9234619140625 31.037487030029297 -3.214083671569824
  endloop
endfacet
facet normal 0.0 0.0 0.0
  outer loop
    vertex -43.9234619140625 31.037487030029297 -3.214083671569824
    vertex -43.9234619140625 18.06656265258789 -3.214083671569824
    vertex -49.11183166503906 6.717004299163818 -3.214083671569824
  endloop
endfacet
facet normal 0.0 0.0 0.0
  outer loop
    vertex -43.9234619140625 31.037487030029297 -3.214083671569824
    vertex -49.11183166503906 6.717004299163818 -3.214083671569824
    vertex -49.11183166503906 42.3870849609375 -3.214083671569824
  endloop
endfacet
facet normal 0.0 0.0 0.0
  outer loop
    vertex -43.9234619140625 18.06656265258789 -3.214083671569824
    vertex -43.9234619140625 1.8529081344604492 -3.214083671569824
    vertex -49.11183166503906 6.717004299163818 -3.214083671569824
  endloop
endfacet
facet normal 0.0 0.0 0.0
  outer loop
    vertex -49.11183166503906 6.717004299163818 -3.214083671569824
    vertex -43.9234619140625 1.8529081344604492 -3.214083671569824
    vertex -48.94609451293945 5.458110809326172 -3.214083671569824
  endloop
endfacet
facet normal 0.0 0.0 0.0
  outer loop
    vertex -48.94609451293945 5.458110809326172 -3.214083671569824
    vertex -43.9234619140625 1.8529081344604492 -3.214083671569824
    vertex -48.460166931152344 4.284955978393555 -3.214083671569824
  endloop
endfacet
facet normal 0.0 0.0 0.0
  outer loop
    vertex -48.460166931152344 4.284955978393555 -3.214083671569824
    vertex -43.9234619140625 1.8529081344604492 -3.214083671569824
    vertex -47.68716812133789 3.2775802612304688 -3.214083671569824
  endloop
endfacet
facet normal 0.0 0.0 0.0
  outer loop
    vertex -47.68716812133789 3.2775802612304688 -3.214083671569824
    vertex -43.9234619140625 1.8529081344604492 -3.214083671569824
    vertex -46.67978286743164 2.5045814514160156 -3.214083671569824
  endloop
endfacet
facet normal 0.0 0.0 0.0
  outer loop
    vertex -46.67978286743164 2.5045814514160156 -3.214083671569824
    vertex -43.9234619140625 1.8529081344604492 -3.214083671569824
    vertex -44.24773406982422 1.8529081344604492 -3.214083671569824
  endloop
endfacet
facet normal 0.0 0.0 0.0
  outer loop
    vertex -46.67978286743164 2.5045814514160156 -3.214083671569824
    vertex -44.24773406982422 1.8529081344604492 -3.214083671569824
    vertex -45.50666046142578 2.018646240234375 -3.214083671569824
  endloop
endfacet
facet normal 0.0 0.0 0.0
  outer loop
    vertex -43.9234619140625 31.037487030029297 -3.214083671569824
    vertex -49.11183166503906 42.3870849609375 -3.214083671569824
    vertex -43.9234619140625 47.251182556152344 -3.214083671569824
  endloop
endfacet
facet normal 0.0 0.0 0.0
  outer loop
    vertex -43.9234619140625 47.251182556152344 -3.214083671569824
    vertex -49.11183166503906 42.3870849609375 -3.214083671569824
    vertex -48.94609451293945 43.645938873291016 -3.214083671569824
  endloop
endfacet
facet normal 0.0 0.0 0.0
  outer loop
    vertex -43.9234619140625 47.251182556152344 -3.214083671569824
    vertex -48.94609451293945 43.645938873291016 -3.214083671569824
    vertex -48.460166931152344 44.81913375854492 -3.214083671569824
  endloop
endfacet
facet normal 0.0 0.0 0.0
  outer loop
    vertex -48.460166931152344 44.81913375854492 -3.214083671569824
    vertex -47.68716812133789 45.82646942138672 -3.214083671569824
    vertex -43.9234619140625 47.251182556152344 -3.214083671569824
  endloop
endfacet
facet normal 0.0 0.0 0.0
  outer loop
    vertex -43.9234619140625 47.251182556152344 -3.214083671569824
    vertex -47.68716812133789 45.82646942138672 -3.214083671569824
    vertex -46.67978286743164 46.59946823120117 -3.214083671569824
  endloop
endfacet
facet normal 0.0 0.0 0.0
  outer loop
    vertex -43.9234619140625 47.251182556152344 -3.214083671569824
    vertex -46.67978286743164 46.59946823120117 -3.214083671569824
    vertex -44.24773406982422 47.251182556152344 -3.214083671569824
  endloop
endfacet
facet normal 0.0 0.0 0.0
  outer loop
    vertex -44.24773406982422 47.251182556152344 -3.214083671569824
    vertex -46.67978286743164 46.59946823120117 -3.214083671569824
    vertex -45.50666046142578 47.08540344238281 -3.214083671569824
  endloop
endfacet
facet normal 0.0 0.0 0.0
  outer loop
    vertex -62.28213119506836 -13.977534294128418 -0.015434443950653076
    vertex -62.28213119506836 54.11981964111328 -0.015434443950653076
    vertex -62.68079376220703 -13.977534294128418 0.03705012798309326
  endloop
endfacet
facet normal 0.0 0.0 0.0
  outer loop
    vertex -62.68079376220703 -13.977534294128418 0.03705012798309326
    vertex -62.28213119506836 54.11981964111328 -0.015434443950653076
    vertex -62.68079376220703 54.11981964111328 0.03705012798309326
  endloop
endfacet
facet normal 0.0 0.0 0.0
  outer loop
    vertex -62.68079376220703 -13.977534294128418 0.03705012798309326
    vertex -62.68079376220703 54.11981964111328 0.03705012798309326
    vertex -63.079444885253906 -13.977534294128418 -0.015434443950653076
  endloop
endfacet
facet normal 0.0 0.0 0.0
  outer loop
    vertex -63.079444885253906 -13.977534294128418 -0.015434443950653076
    vertex -62.68079376220703 54.11981964111328 0.03705012798309326
    vertex -63.079444885253906 54.11981964111328 -0.015434443950653076
  endloop
endfacet
facet normal 0.0 0.0 0.0
  outer loop
    vertex -63.079444885253906 -13.977534294128418 -0.015434443950653076
    vertex -63.079444885253906 54.11981964111328 -0.015434443950653076
    vertex -63.45094299316406 -13.977534294128418 -0.16931086778640747
  endloop
endfacet
facet normal 0.0 0.0 0.0
  outer loop
    vertex -63.45094299316406 -13.977534294128418 -0.16931086778640747
    vertex -63.079444885253906 54.11981964111328 -0.015434443950653076
    vertex -63.45094299316406 54.11981964111328 -0.16931086778640747
  endloop
endfacet
facet normal 0.0 0.0 0.0
  outer loop
    vertex -63.45094299316406 -13.977534294128418 -0.16931086778640747
    vertex -63.45094299316406 54.11981964111328 -0.16931086778640747
    vertex -63.76995086669922 -13.977534294128418 -0.4140928387641907
  endloop
endfacet
facet normal 0.0 0.0 0.0
  outer loop
    vertex -63.76995086669922 -13.977534294128418 -0.4140928387641907
    vertex -63.45094299316406 54.11981964111328 -0.16931086778640747
    vertex -63.76995086669922 54.11981964111328 -0.4140928387641907
  endloop
endfacet
facet normal 0.0 0.0 0.0
  outer loop
    vertex -63.76995086669922 -13.977534294128418 -0.4140928387641907
    vertex -63.76995086669922 54.11981964111328 -0.4140928387641907
    vertex -64.01473236083984 -13.977534294128418 -0.7330988049507141
  endloop
endfacet
facet normal 0.0 0.0 0.0
  outer loop
    vertex -64.01473236083984 -13.977534294128418 -0.7330988049507141
    vertex -63.76995086669922 54.11981964111328 -0.4140928387641907
    vertex -64.01473236083984 54.11981964111328 -0.7330988049507141
  endloop
endfacet
facet normal 0.0 0.0 0.0
  outer loop
    vertex -64.01473236083984 -13.977534294128418 -0.7330988049507141
    vertex -64.01473236083984 54.11981964111328 -0.7330988049507141
    vertex -64.1686019897461 -13.977534294128418 -1.1045889854431152
  endloop
endfacet
facet normal 0.0 0.0 0.0
  outer loop
    vertex -64.1686019897461 -13.977534294128418 -1.1045889854431152
    vertex -64.01473236083984 54.11981964111328 -0.7330988049507141
    vertex -64.1686019897461 54.11981964111328 -1.1045889854431152
  endloop
endfacet
facet normal 0.0 0.0 0.0
  outer loop
    vertex -64.1686019897461 -13.977534294128418 -1.1045889854431152
    vertex -64.1686019897461 54.11981964111328 -1.1045889854431152
    vertex -64.2210922241211 -13.977534294128418 -1.5032474994659424
  endloop
endfacet
facet normal 0.0 0.0 0.0
  outer loop
    vertex -64.2210922241211 -13.977534294128418 -1.5032474994659424
    vertex -64.1686019897461 54.11981964111328 -1.1045889854431152
    vertex -64.2210922241211 54.11981964111328 -1.5032474994659424
  endloop
endfacet
facet normal 0.0 0.0 0.0
  outer loop
    vertex -64.2210922241211 -13.977534294128418 -1.5032474994659424
    vertex -64.2210922241211 54.11981964111328 -1.5032474994659424
    vertex -64.1686019897461 -13.977534294128418 -1.9019052982330322
  endloop
endfacet
facet normal 0.0 0.0 0.0
  outer loop
    vertex -64.1686019897461 -13.977534294128418 -1.9019052982330322
    vertex -64.2210922241211 54.11981964111328 -1.5032474994659424
    vertex -64.1686019897461 54.11981964111328 -1.9019052982330322
  endloop
endfacet
facet normal 0.0 0.0 0.0
  outer loop
    vertex -64.1686019897461 -13.977534294128418 -1.9019052982330322
    vertex -64.1686019897461 54.11981964111328 -1.9019052982330322
    vertex -64.01473236083984 -13.977534294128418 -2.2733960151672363
  endloop
endfacet
facet normal 0.0 0.0 0.0
  outer loop
    vertex -64.01473236083984 -13.977534294128418 -2.2733960151672363
    vertex -64.1686019897461 54.11981964111328 -1.9019052982330322
    vertex -64.01473236083984 54.11981964111328 -2.2733960151672363
  endloop
endfacet
facet normal 0.0 0.0 0.0
  outer loop
    vertex -64.01473236083984 -13.977534294128418 -2.2733960151672363
    vertex -64.01473236083984 54.11981964111328 -2.2733960151672363
    vertex -63.76995086669922 -13.977534294128418 -2.5924019813537598
  endloop
endfacet
facet normal 0.0 0.0 0.0
  outer loop
    vertex -63.76995086669922 -13.977534294128418 -2.5924019813537598
    vertex -64.01473236083984 54.11981964111328 -2.2733960151672363
    vertex -63.76995086669922 54.11981964111328 -2.5924019813537598
  endloop
endfacet
facet normal 0.0 0.0 0.0
  outer loop
    vertex -63.76995086669922 -13.977534294128418 -2.5924019813537598
    vertex -63.76995086669922 54.11981964111328 -2.5924019813537598
    vertex -63.45094299316406 -13.977534294128418 -2.837183952331543
  endloop
endfacet
facet normal 0.0 0.0 0.0
  outer loop
    vertex -63.45094299316406 -13.977534294128418 -2.837183952331543
    vertex -63.76995086669922 54.11981964111328 -2.5924019813537598
    vertex -63.45094299316406 54.11981964111328 -2.837183952331543
  endloop
endfacet
facet normal 0.0 0.0 0.0
  outer loop
    vertex -63.45094299316406 -13.977534294128418 -2.837183952331543
    vertex -63.45094299316406 54.11981964111328 -2.837183952331543
    vertex -63.079444885253906 -13.977534294128418 -2.991060495376587
  endloop
endfacet
facet normal 0.0 0.0 0.0
  outer loop
    vertex -63.079444885253906 -13.977534294128418 -2.991060495376587
    vertex -63.45094299316406 54.11981964111328 -2.837183952331543
    vertex -63.079444885253906 54.11981964111328 -2.991060495376587
  endloop
endfacet
facet normal 0.0 0.0 0.0
  outer loop
    vertex -63.079444885253906 -13.977534294128418 -2.991060495376587
    vertex -63.079444885253906 54.11981964111328 -2.991060495376587
    vertex -62.68079376220703 -13.977534294128418 -3.0435447692871094
  endloop
endfacet
facet normal 0.0 0.0 0.0
  outer loop
    vertex -62.68079376220703 -13.977534294128418 -3.0435447692871094
    vertex -63.079444885253906 54.11981964111328 -2.991060495376587
    vertex -62.68079376220703 54.11981964111328 -3.0435447692871094
  endloop
endfacet
facet normal 0.0 0.0 0.0
  outer loop
    vertex -62.68079376220703 -13.977534294128418 -3.0435447692871094
    vertex -62.68079376220703 54.11981964111328 -3.0435447692871094
    vertex -62.28213119506836 -13.977534294128418 -2.991060495376587
  endloop
endfacet
facet normal 0.0 0.0 0.0
  outer loop
    vertex -62.28213119506836 -13.977534294128418 -2.991060495376587
    vertex -62.68079376220703 54.11981964111328 -3.0435447692871094
    vertex -62.28213119506836 54.11981964111328 -2.991060495376587
  endloop
endfacet
facet normal 0.0 0.0 0.0
  outer loop
    vertex -62.28213119506836 -13.977534294128418 -2.991060495376587
    vertex -62.28213119506836 54.11981964111328 -2.991060495376587
    vertex -61.91064453125 -13.977534294128418 -2.837183952331543
  endloop
endfacet
facet normal 0.0 0.0 0.0
  outer loop
    vertex -61.91064453125 -13.977534294128418 -2.837183952331543
    vertex -62.28213119506836 54.11981964111328 -2.991060495376587
    vertex -61.91064453125 54.11981964111328 -2.837183952331543
  endloop
endfacet
facet normal 0.0 0.0 0.0
  outer loop
    vertex -61.91064453125 -13.977534294128418 -2.837183952331543
    vertex -61.91064453125 54.11981964111328 -2.837183952331543
    vertex -61.591636657714844 -13.977534294128418 -2.5924019813537598
  endloop
endfacet
facet normal 0.0 0.0 0.0
  outer loop
    vertex -61.591636657714844 -13.977534294128418 -2.5924019813537598
    vertex -61.91064453125 54.11981964111328 -2.837183952331543
    vertex -61.591636657714844 54.11981964111328 -2.5924019813537598
  endloop
endfacet
facet normal 0.0 0.0 0.0
  outer loop
    vertex -61.591636657714844 -13.977534294128418 -2.5924019813537598
    vertex -61.591636657714844 54.11981964111328 -2.5924019813537598
    vertex -61.346858978271484 -13.977534294128418 -2.2733960151672363
  endloop
endfacet
facet normal 0.0 0.0 0.0
  outer loop
    vertex -61.346858978271484 -13.977534294128418 -2.2733960151672363
    vertex -61.591636657714844 54.11981964111328 -2.5924019813537598
    vertex -61.346858978271484 54.11981964111328 -2.2733960151672363
  endloop
endfacet
facet normal 0.0 0.0 0.0
  outer loop
    vertex -61.346858978271484 -13.977534294128418 -2.2733960151672363
    vertex -61.346858978271484 54.11981964111328 -2.2733960151672363
    vertex -61.19297409057617 -13.977534294128418 -1.9019052982330322
  endloop
endfacet
facet normal 0.0 0.0 0.0
  outer loop
    vertex -61.19297409057617 -13.977534294128418 -1.9019052982330322
    vertex -61.346858978271484 54.11981964111328 -2.2733960151672363
    vertex -61.19297409057617 54.11981964111328 -1.9019052982330322
  endloop
endfacet
facet normal 0.0 0.0 0.0
  outer loop
    vertex -61.19297409057617 -13.977534294128418 -1.9019052982330322
    vertex -61.19297409057617 54.11981964111328 -1.9019052982330322
    vertex -61.14049530029297 -13.977534294128418 -1.5032474994659424
  endloop
endfacet
facet normal 0.0 0.0 0.0
  outer loop
    vertex -61.14049530029297 -13.977534294128418 -1.5032474994659424
    vertex -61.19297409057617 54.11981964111328 -1.9019052982330322
    vertex -61.14049530029297 54.11981964111328 -1.5032474994659424
  endloop
endfacet
facet normal 0.0 0.0 0.0
  outer loop
    vertex -61.14049530029297 -13.977534294128418 -1.5032474994659424
    vertex -61.14049530029297 54.11981964111328 -1.5032474994659424
    vertex -61.19297409057617 -13.977534294128418 -1.1045889854431152
  endloop
endfacet
facet normal 0.0 0.0 0.0
  outer loop
    vertex -61.19297409057617 -13.977534294128418 -1.1045889854431152
    vertex -61.14049530029297 54.11981964111328 -1.5032474994659424
    vertex -61.19297409057617 54.11981964111328 -1.1045889854431152
  endloop
endfacet
facet normal 0.0 0.0 0.0
  outer loop
    vertex -61.19297409057617 -13.977534294128418 -1.1045889854431152
    vertex -61.19297409057617 54.11981964111328 -1.1045889854431152
    vertex -61.346858978271484 -13.977534294128418 -0.7330988049507141
  endloop
endfacet
facet normal 0.0 0.0 0.0
  outer loop
    vertex -61.346858978271484 -13.977534294128418 -0.7330988049507141
    vertex -61.19297409057617 54.11981964111328 -1.1045889854431152
    vertex -61.346858978271484 54.11981964111328 -0.7330988049507141
  endloop
endfacet
facet normal 0.0 0.0 0.0
  outer loop
    vertex -61.346858978271484 -13.977534294128418 -0.7330988049507141
    vertex -61.346858978271484 54.11981964111328 -0.7330988049507141
    vertex -61.591636657714844 -13.977534294128418 -0.4140928387641907
  endloop
endfacet
facet normal 0.0 0.0 0.0
  outer loop
    vertex -61.591636657714844 -13.977534294128418 -0.4140928387641907
    vertex -61.346858978271484 54.11981964111328 -0.7330988049507141
    vertex -61.591636657714844 54.11981964111328 -0.4140928387641907
  endloop
endfacet
facet normal 0.0 0.0 0.0
  outer loop
    vertex -61.591636657714844 -13.977534294128418 -0.4140928387641907
    vertex -61.591636657714844 54.11981964111328 -0.4140928387641907
    vertex -61.91064453125 -13.977534294128418 -0.16931086778640747
  endloop
endfacet
facet normal 0.0 0.0 0.0
  outer loop
    vertex -61.91064453125 -13.977534294128418 -0.16931086778640747
    vertex -61.591636657714844 54.11981964111328 -0.4140928387641907
    vertex -61.91064453125 54.11981964111328 -0.16931086778640747
  endloop
endfacet
facet normal 0.0 0.0 0.0
  outer loop
    vertex -61.91064453125 -13.977534294128418 -0.16931086778640747
    vertex -61.91064453125 54.11981964111328 -0.16931086778640747
    vertex -62.28213119506836 -13.977534294128418 -0.015434443950653076
  endloop
endfacet
facet normal 0.0 0.0 0.0
  outer loop
    vertex -62.28213119506836 -13.977534294128418 -0.015434443950653076
    vertex -61.91064453125 54.11981964111328 -0.16931086778640747
    vertex -62.28213119506836 54.11981964111328 -0.015434443950653076
  endloop
endfacet
facet normal 0.0 0.0 0.0
  outer loop
    vertex -62.68079376220703 -13.977534294128418 0.03705012798309326
    vertex -63.079444885253906 -13.977534294128418 -0.015434443950653076
    vertex -62.28213119506836 -13.977534294128418 -0.015434443950653076
  endloop
endfacet
facet normal 0.0 0.0 0.0
  outer loop
    vertex -62.28213119506836 -13.977534294128418 -0.015434443950653076
    vertex -63.079444885253906 -13.977534294128418 -0.015434443950653076
    vertex -61.91064453125 -13.977534294128418 -0.16931086778640747
  endloop
endfacet
facet normal 0.0 0.0 0.0
  outer loop
    vertex -61.91064453125 -13.977534294128418 -0.16931086778640747
    vertex -63.079444885253906 -13.977534294128418 -0.015434443950653076
    vertex -63.45094299316406 -13.977534294128418 -0.16931086778640747
  endloop
endfacet
facet normal 0.0 0.0 0.0
  outer loop
    vertex -61.91064453125 -13.977534294128418 -0.16931086778640747
    vertex -63.45094299316406 -13.977534294128418 -0.16931086778640747
    vertex -61.591636657714844 -13.977534294128418 -0.4140928387641907
  endloop
endfacet
facet normal 0.0 0.0 0.0
  outer loop
    vertex -61.591636657714844 -13.977534294128418 -0.4140928387641907
    vertex -63.45094299316406 -13.977534294128418 -0.16931086778640747
    vertex -63.76995086669922 -13.977534294128418 -0.4140928387641907
  endloop
endfacet
facet normal 0.0 0.0 0.0
  outer loop
    vertex -61.591636657714844 -13.977534294128418 -0.4140928387641907
    vertex -63.76995086669922 -13.977534294128418 -0.4140928387641907
    vertex -61.346858978271484 -13.977534294128418 -0.7330988049507141
  endloop
endfacet
facet normal 0.0 0.0 0.0
  outer loop
    vertex -61.346858978271484 -13.977534294128418 -0.7330988049507141
    vertex -63.76995086669922 -13.977534294128418 -0.4140928387641907
    vertex -64.01473236083984 -13.977534294128418 -0.7330988049507141
  endloop
endfacet
facet normal 0.0 0.0 0.0
  outer loop
    vertex -61.346858978271484 -13.977534294128418 -0.7330988049507141
    vertex -64.01473236083984 -13.977534294128418 -0.7330988049507141
    vertex -61.19297409057617 -13.977534294128418 -1.1045889854431152
  endloop
endfacet
facet normal 0.0 0.0 0.0
  outer loop
    vertex -61.19297409057617 -13.977534294128418 -1.1045889854431152
    vertex -64.01473236083984 -13.977534294128418 -0.7330988049507141
    vertex -64.1686019897461 -13.977534294128418 -1.1045889854431152
  endloop
endfacet
facet normal 0.0 0.0 0.0
  outer loop
    vertex -61.19297409057617 -13.977534294128418 -1.1045889854431152
    vertex -64.1686019897461 -13.977534294128418 -1.1045889854431152
    vertex -61.14049530029297 -13.977534294128418 -1.5032474994659424
  endloop
endfacet
facet normal 0.0 0.0 0.0
  outer loop
    vertex -61.14049530029297 -13.977534294128418 -1.5032474994659424
    vertex -64.1686019897461 -13.977534294128418 -1.1045889854431152
    vertex -64.2210922241211 -13.977534294128418 -1.5032474994659424
  endloop
endfacet
facet normal 0.0 0.0 0.0
  outer loop
    vertex -61.14049530029297 -13.977534294128418 -1.5032474994659424
    vertex -64.2210922241211 -13.977534294128418 -1.5032474994659424
    vertex -61.19297409057617 -13.977534294128418 -1.9019052982330322
  endloop
endfacet
facet normal 0.0 0.0 0.0
  outer loop
    vertex -61.19297409057617 -13.977534294128418 -1.9019052982330322
    vertex -64.2210922241211 -13.977534294128418 -1.5032474994659424
    vertex -64.1686019897461 -13.977534294128418 -1.9019052982330322
  endloop
endfacet
facet normal 0.0 0.0 0.0
  outer loop
    vertex -61.19297409057617 -13.977534294128418 -1.9019052982330322
    vertex -64.1686019897461 -13.977534294128418 -1.9019052982330322
    vertex -61.346858978271484 -13.977534294128418 -2.2733960151672363
  endloop
endfacet
facet normal 0.0 0.0 0.0
  outer loop
    vertex -61.346858978271484 -13.977534294128418 -2.2733960151672363
    vertex -64.1686019897461 -13.977534294128418 -1.9019052982330322
    vertex -64.01473236083984 -13.977534294128418 -2.2733960151672363
  endloop
endfacet
facet normal 0.0 0.0 0.0
  outer loop
    vertex -61.346858978271484 -13.977534294128418 -2.2733960151672363
    vertex -64.01473236083984 -13.977534294128418 -2.2733960151672363
    vertex -61.591636657714844 -13.977534294128418 -2.5924019813537598
  endloop
endfacet
facet normal 0.0 0.0 0.0
  outer loop
    vertex -61.591636657714844 -13.977534294128418 -2.5924019813537598
    vertex -64.01473236083984 -13.977534294128418 -2.2733960151672363
    vertex -63.76995086669922 -13.977534294128418 -2.5924019813537598
  endloop
endfacet
facet normal 0.0 0.0 0.0
  outer loop
    vertex -61.591636657714844 -13.977534294128418 -2.5924019813537598
    vertex -63.76995086669922 -13.977534294128418 -2.5924019813537598
    vertex -61.91064453125 -13.977534294128418 -2.837183952331543
  endloop
endfacet
facet normal 0.0 0.0 0.0
  outer loop
    vertex -61.91064453125 -13.977534294128418 -2.837183952331543
    vertex -63.76995086669922 -13.977534294128418 -2.5924019813537598
    vertex -63.45094299316406 -13.977534294128418 -2.837183952331543
  endloop
endfacet
facet normal 0.0 0.0 0.0
  outer loop
    vertex -61.91064453125 -13.977534294128418 -2.837183952331543
    vertex -63.45094299316406 -13.977534294128418 -2.837183952331543
    vertex -62.28213119506836 -13.977534294128418 -2.991060495376587
  endloop
endfacet
facet normal 0.0 0.0 0.0
  outer loop
    vertex -62.28213119506836 -13.977534294128418 -2.991060495376587
    vertex -63.45094299316406 -13.977534294128418 -2.837183952331543
    vertex -63.079444885253906 -13.977534294128418 -2.991060495376587
  endloop
endfacet
facet normal 0.0 0.0 0.0
  outer loop
    vertex -62.28213119506836 -13.977534294128418 -2.991060495376587
    vertex -63.079444885253906 -13.977534294128418 -2.991060495376587
    vertex -62.68079376220703 -13.977534294128418 -3.0435447692871094
  endloop
endfacet
facet normal 0.0 0.0 0.0
  outer loop
    vertex -62.68079376220703 54.11981964111328 0.03705012798309326
    vertex -62.28213119506836 54.11981964111328 -0.015434443950653076
    vertex -63.079444885253906 54.11981964111328 -0.015434443950653076
  endloop
endfacet
facet normal 0.0 0.0 0.0
  outer loop
    vertex -63.079444885253906 54.11981964111328 -0.015434443950653076
    vertex -62.28213119506836 54.11981964111328 -0.015434443950653076
    vertex -63.45094299316406 54.11981964111328 -0.16931086778640747
  endloop
endfacet
facet normal 0.0 0.0 0.0
  outer loop
    vertex -63.45094299316406 54.11981964111328 -0.16931086778640747
    vertex -62.28213119506836 54.11981964111328 -0.015434443950653076
    vertex -61.91064453125 54.11981964111328 -0.16931086778640747
  endloop
endfacet
facet normal 0.0 0.0 0.0
  outer loop
    vertex -63.45094299316406 54.11981964111328 -0.16931086778640747
    vertex -61.91064453125 54.11981964111328 -0.16931086778640747
    vertex -63.76995086669922 54.11981964111328 -0.4140928387641907
  endloop
endfacet
facet normal 0.0 0.0 0.0
  outer loop
    vertex -63.76995086669922 54.11981964111328 -0.4140928387641907
    vertex -61.91064453125 54.11981964111328 -0.16931086778640747
    vertex -61.591636657714844 54.11981964111328 -0.4140928387641907
  endloop
endfacet
facet normal 0.0 0.0 0.0
  outer loop
    vertex -63.76995086669922 54.11981964111328 -0.4140928387641907
    vertex -61.591636657714844 54.11981964111328 -0.4140928387641907
    vertex -64.01473236083984 54.11981964111328 -0.7330988049507141
  endloop
endfacet
facet normal 0.0 0.0 0.0
  outer loop
    vertex -64.01473236083984 54.11981964111328 -0.7330988049507141
    vertex -61.591636657714844 54.11981964111328 -0.4140928387641907
    vertex -61.346858978271484 54.11981964111328 -0.7330988049507141
  endloop
endfacet
facet normal 0.0 0.0 0.0
  outer loop
    vertex -64.01473236083984 54.11981964111328 -0.7330988049507141
    vertex -61.346858978271484 54.11981964111328 -0.7330988049507141
    vertex -64.1686019897461 54.11981964111328 -1.1045889854431152
  endloop
endfacet
facet normal 0.0 0.0 0.0
  outer loop
    vertex -64.1686019897461 54.11981964111328 -1.1045889854431152
    vertex -61.346858978271484 54.11981964111328 -0.7330988049507141
    vertex -61.19297409057617 54.11981964111328 -1.1045889854431152
  endloop
endfacet
facet normal 0.0 0.0 0.0
  outer loop
    vertex -64.1686019897461 54.11981964111328 -1.1045889854431152
    vertex -61.19297409057617 54.11981964111328 -1.1045889854431152
    vertex -64.2210922241211 54.11981964111328 -1.5032474994659424
  endloop
endfacet
facet normal 0.0 0.0 0.0
  outer loop
    vertex -64.2210922241211 54.11981964111328 -1.5032474994659424
    vertex -61.19297409057617 54.11981964111328 -1.1045889854431152
    vertex -61.14049530029297 54.11981964111328 -1.5032474994659424
  endloop
endfacet
facet normal 0.0 0.0 0.0
  outer loop
    vertex -64.2210922241211 54.11981964111328 -1.5032474994659424
    vertex -61.14049530029297 54.11981964111328 -1.5032474994659424
    vertex -64.1686019897461 54.11981964111328 -1.9019052982330322
  endloop
endfacet
facet normal 0.0 0.0 0.0
  outer loop
    vertex -64.1686019897461 54.11981964111328 -1.9019052982330322
    vertex -61.14049530029297 54.11981964111328 -1.5032474994659424
    vertex -61.19297409057617 54.11981964111328 -1.9019052982330322
  endloop
endfacet
facet normal 0.0 0.0 0.0
  outer loop
    vertex -64.1686019897461 54.11981964111328 -1.9019052982330322
    vertex -61.19297409057617 54.11981964111328 -1.9019052982330322
    vertex -64.01473236083984 54.11981964111328 -2.2733960151672363
  endloop
endfacet
facet normal 0.0 0.0 0.0
  outer loop
    vertex -64.01473236083984 54.11981964111328 -2.2733960151672363
    vertex -61.19297409057617 54.11981964111328 -1.9019052982330322
    vertex -61.346858978271484 54.11981964111328 -2.2733960151672363
  endloop
endfacet
facet normal 0.0 0.0 0.0
  outer loop
    vertex -64.01473236083984 54.11981964111328 -2.2733960151672363
    vertex -61.346858978271484 54.11981964111328 -2.2733960151672363
    vertex -63.76995086669922 54.11981964111328 -2.5924019813537598
  endloop
endfacet
facet normal 0.0 0.0 0.0
  outer loop
    vertex -63.76995086669922 54.11981964111328 -2.5924019813537598
    vertex -61.346858978271484 54.11981964111328 -2.2733960151672363
    vertex -61.591636657714844 54.11981964111328 -2.5924019813537598
  endloop
endfacet
facet normal 0.0 0.0 0.0
  outer loop
    vertex -63.76995086669922 54.11981964111328 -2.5924019813537598
    vertex -61.591636657714844 54.11981964111328 -2.5924019813537598
    vertex -63.45094299316406 54.11981964111328 -2.837183952331543
  endloop
endfacet
facet normal 0.0 0.0 0.0
  outer loop
    vertex -63.45094299316406 54.11981964111328 -2.837183952331543
    vertex -61.591636657714844 54.11981964111328 -2.5924019813537598
    vertex -61.91064453125 54.11981964111328 -2.837183952331543
  endloop
endfacet
facet normal 0.0 0.0 0.0
  outer loop
    vertex -63.45094299316406 54.11981964111328 -2.837183952331543
    vertex -61.91064453125 54.11981964111328 -2.837183952331543
    vertex -63.079444885253906 54.11981964111328 -2.991060495376587
  endloop
endfacet
facet normal 0.0 0.0 0.0
  outer loop
    vertex -63.079444885253906 54.11981964111328 -2.991060495376587
    vertex -61.91064453125 54.11981964111328 -2.837183952331543
    vertex -62.28213119506836 54.11981964111328 -2.991060495376587
  endloop
endfacet
facet normal 0.0 0.0 0.0
  outer loop
    vertex -63.079444885253906 54.11981964111328 -2.991060495376587
    vertex -62.28213119506836 54.11981964111328 -2.991060495376587
    vertex -62.68079376220703 54.11981964111328 -3.0435447692871094
  endloop
endfacet
facet normal 0.0 0.0 0.0
  outer loop
    vertex 52.27952575683594 -18.812931060791016 0.8252316117286682
    vertex 52.27952575683594 -18.812931060791016 4.878645420074463
    vertex 52.69916915893555 -18.868152618408203 0.8252316117286682
  endloop
endfacet
facet normal 0.0 0.0 0.0
  outer loop
    vertex 52.69916915893555 -18.868152618408203 0.8252316117286682
    vertex 52.27952575683594 -18.812931060791016 4.878645420074463
    vertex 52.69916915893555 -18.868152618408203 4.878645420074463
  endloop
endfacet
facet normal 0.0 0.0 0.0
  outer loop
    vertex 52.69916915893555 -18.868152618408203 0.8252316117286682
    vertex 52.69916915893555 -18.868152618408203 4.878645420074463
    vertex 53.11880874633789 -18.812931060791016 0.8252316117286682
  endloop
endfacet
facet normal 0.0 0.0 0.0
  outer loop
    vertex 53.11880874633789 -18.812931060791016 0.8252316117286682
    vertex 52.69916915893555 -18.868152618408203 4.878645420074463
    vertex 53.11880874633789 -18.812931060791016 4.878645420074463
  endloop
endfacet
facet normal 0.0 0.0 0.0
  outer loop
    vertex 53.11880874633789 -18.812931060791016 0.8252316117286682
    vertex 53.11880874633789 -18.812931060791016 4.878645420074463
    vertex 53.509849548339844 -18.650955200195312 0.8252316117286682
  endloop
endfacet
facet normal 0.0 0.0 0.0
  outer loop
    vertex 53.509849548339844 -18.650955200195312 0.8252316117286682
    vertex 53.11880874633789 -18.812931060791016 4.878645420074463
    vertex 53.509849548339844 -18.650955200195312 4.878645420074463
  endloop
endfacet
facet normal 0.0 0.0 0.0
  outer loop
    vertex 53.509849548339844 -18.650955200195312 0.8252316117286682
    vertex 53.509849548339844 -18.650955200195312 4.878645420074463
    vertex 53.845645904541016 -18.39330291748047 0.8252316117286682
  endloop
endfacet
facet normal 0.0 0.0 0.0
  outer loop
    vertex 53.845645904541016 -18.39330291748047 0.8252316117286682
    vertex 53.509849548339844 -18.650955200195312 4.878645420074463
    vertex 53.845645904541016 -18.39330291748047 4.878645420074463
  endloop
endfacet
facet normal 0.0 0.0 0.0
  outer loop
    vertex 53.845645904541016 -18.39330291748047 0.8252316117286682
    vertex 53.845645904541016 -18.39330291748047 4.878645420074463
    vertex 54.103309631347656 -18.05746841430664 0.8252316117286682
  endloop
endfacet
facet normal 0.0 0.0 0.0
  outer loop
    vertex 54.103309631347656 -18.05746841430664 0.8252316117286682
    vertex 53.845645904541016 -18.39330291748047 4.878645420074463
    vertex 54.103309631347656 -18.05746841430664 4.878645420074463
  endloop
endfacet
facet normal 0.0 0.0 0.0
  outer loop
    vertex 54.103309631347656 -18.05746841430664 0.8252316117286682
    vertex 54.103309631347656 -18.05746841430664 4.878645420074463
    vertex 54.265289306640625 -17.666458129882812 0.8252316117286682
  endloop
endfacet
facet normal 0.0 0.0 0.0
  outer loop
    vertex 54.265289306640625 -17.666458129882812 0.8252316117286682
    vertex 54.103309631347656 -18.05746841430664 4.878645420074463
    vertex 54.265289306640625 -17.666458129882812 4.878645420074463
  endloop
endfacet
facet normal 0.0 0.0 0.0
  outer loop
    vertex 54.265289306640625 -17.666458129882812 0.8252316117286682
    vertex 54.265289306640625 -17.666458129882812 4.878645420074463
    vertex 54.320533752441406 -17.246788024902344 0.8252316117286682
  endloop
endfacet
facet normal 0.0 0.0 0.0
  outer loop
    vertex 54.320533752441406 -17.246788024902344 0.8252316117286682
    vertex 54.265289306640625 -17.666458129882812 4.878645420074463
    vertex 54.320533752441406 -17.246788024902344 4.878645420074463
  endloop
endfacet
facet normal 0.0 0.0 0.0
  outer loop
    vertex 54.320533752441406 -17.246788024902344 0.8252316117286682
    vertex 54.320533752441406 -17.246788024902344 4.878645420074463
    vertex 54.265289306640625 -16.82715606689453 0.8252316117286682
  endloop
endfacet
facet normal 0.0 0.0 0.0
  outer loop
    vertex 54.265289306640625 -16.82715606689453 0.8252316117286682
    vertex 54.320533752441406 -17.246788024902344 4.878645420074463
    vertex 54.265289306640625 -16.82715606689453 4.878645420074463
  endloop
endfacet
facet normal 0.0 0.0 0.0
  outer loop
    vertex 54.265289306640625 -16.82715606689453 0.8252316117286682
    vertex 54.265289306640625 -16.82715606689453 4.878645420074463
    vertex 54.103309631347656 -16.43610382080078 0.8252316117286682
  endloop
endfacet
facet normal 0.0 0.0 0.0
  outer loop
    vertex 54.103309631347656 -16.43610382080078 0.8252316117286682
    vertex 54.265289306640625 -16.82715606689453 4.878645420074463
    vertex 54.103309631347656 -16.43610382080078 4.878645420074463
  endloop
endfacet
facet normal 0.0 0.0 0.0
  outer loop
    vertex 54.103309631347656 -16.43610382080078 0.8252316117286682
    vertex 54.103309631347656 -16.43610382080078 4.878645420074463
    vertex 53.845645904541016 -16.100311279296875 0.8252316117286682
  endloop
endfacet
facet normal 0.0 0.0 0.0
  outer loop
    vertex 53.845645904541016 -16.100311279296875 0.8252316117286682
    vertex 54.103309631347656 -16.43610382080078 4.878645420074463
    vertex 53.845645904541016 -16.100311279296875 4.878645420074463
  endloop
endfacet
facet normal 0.0 0.0 0.0
  outer loop
    vertex 53.845645904541016 -16.100311279296875 0.8252316117286682
    vertex 53.845645904541016 -16.100311279296875 4.878645420074463
    vertex 53.509849548339844 -15.842658042907715 0.8252316117286682
  endloop
endfacet
facet normal 0.0 0.0 0.0
  outer loop
    vertex 53.509849548339844 -15.842658042907715 0.8252316117286682
    vertex 53.845645904541016 -16.100311279296875 4.878645420074463
    vertex 53.509849548339844 -15.842658042907715 4.878645420074463
  endloop
endfacet
facet normal 0.0 0.0 0.0
  outer loop
    vertex 53.509849548339844 -15.842658042907715 0.8252316117286682
    vertex 53.509849548339844 -15.842658042907715 4.878645420074463
    vertex 53.11880874633789 -15.680680274963379 0.8252316117286682
  endloop
endfacet
facet normal 0.0 0.0 0.0
  outer loop
    vertex 53.11880874633789 -15.680680274963379 0.8252316117286682
    vertex 53.509849548339844 -15.842658042907715 4.878645420074463
    vertex 53.11880874633789 -15.680680274963379 4.878645420074463
  endloop
endfacet
facet normal 0.0 0.0 0.0
  outer loop
    vertex 53.11880874633789 -15.680680274963379 0.8252316117286682
    vertex 53.11880874633789 -15.680680274963379 4.878645420074463
    vertex 52.69916915893555 -15.625420570373535 0.8252316117286682
  endloop
endfacet
facet normal 0.0 0.0 0.0
  outer loop
    vertex 52.69916915893555 -15.625420570373535 0.8252316117286682
    vertex 53.11880874633789 -15.680680274963379 4.878645420074463
    vertex 52.69916915893555 -15.625420570373535 4.878645420074463
  endloop
endfacet
facet normal 0.0 0.0 0.0
  outer loop
    vertex 52.69916915893555 -15.625420570373535 0.8252316117286682
    vertex 52.69916915893555 -15.625420570373535 4.878645420074463
    vertex 52.27952575683594 -15.680680274963379 0.8252316117286682
  endloop
endfacet
facet normal 0.0 0.0 0.0
  outer loop
    vertex 52.27952575683594 -15.680680274963379 0.8252316117286682
    vertex 52.69916915893555 -15.625420570373535 4.878645420074463
    vertex 52.27952575683594 -15.680680274963379 4.878645420074463
  endloop
endfacet
facet normal 0.0 0.0 0.0
  outer loop
    vertex 52.27952575683594 -15.680680274963379 0.8252316117286682
    vertex 52.27952575683594 -15.680680274963379 4.878645420074463
    vertex 51.888484954833984 -15.842658042907715 0.8252316117286682
  endloop
endfacet
facet normal 0.0 0.0 0.0
  outer loop
    vertex 51.888484954833984 -15.842658042907715 0.8252316117286682
    vertex 52.27952575683594 -15.680680274963379 4.878645420074463
    vertex 51.888484954833984 -15.842658042907715 4.878645420074463
  endloop
endfacet
facet normal 0.0 0.0 0.0
  outer loop
    vertex 51.888484954833984 -15.842658042907715 0.8252316117286682
    vertex 51.888484954833984 -15.842658042907715 4.878645420074463
    vertex 51.55268859863281 -16.100311279296875 0.8252316117286682
  endloop
endfacet
facet normal 0.0 0.0 0.0
  outer loop
    vertex 51.55268859863281 -16.100311279296875 0.8252316117286682
    vertex 51.888484954833984 -15.842658042907715 4.878645420074463
    vertex 51.55268859863281 -16.100311279296875 4.878645420074463
  endloop
endfacet
facet normal 0.0 0.0 0.0
  outer loop
    vertex 51.55268859863281 -16.100311279296875 0.8252316117286682
    vertex 51.55268859863281 -16.100311279296875 4.878645420074463
    vertex 51.29502487182617 -16.43610382080078 0.8252316117286682
  endloop
endfacet
facet normal 0.0 0.0 0.0
  outer loop
    vertex 51.29502487182617 -16.43610382080078 0.8252316117286682
    vertex 51.55268859863281 -16.100311279296875 4.878645420074463
    vertex 51.29502487182617 -16.43610382080078 4.878645420074463
  endloop
endfacet
facet normal 0.0 0.0 0.0
  outer loop
    vertex 51.29502487182617 -16.43610382080078 0.8252316117286682
    vertex 51.29502487182617 -16.43610382080078 4.878645420074463
    vertex 51.1330451965332 -16.82715606689453 0.8252316117286682
  endloop
endfacet
facet normal 0.0 0.0 0.0
  outer loop
    vertex 51.1330451965332 -16.82715606689453 0.8252316117286682
    vertex 51.29502487182617 -16.43610382080078 4.878645420074463
    vertex 51.1330451965332 -16.82715606689453 4.878645420074463
  endloop
endfacet
facet normal 0.0 0.0 0.0
  outer loop
    vertex 51.1330451965332 -16.82715606689453 0.8252316117286682
    vertex 51.1330451965332 -16.82715606689453 4.878645420074463
    vertex 51.07780075073242 -17.246788024902344 0.8252316117286682
  endloop
endfacet
facet normal 0.0 0.0 0.0
  outer loop
    vertex 51.07780075073242 -17.246788024902344 0.8252316117286682
    vertex 51.1330451965332 -16.82715606689453 4.878645420074463
    vertex 51.07780075073242 -17.246788024902344 4.878645420074463
  endloop
endfacet
facet normal 0.0 0.0 0.0
  outer loop
    vertex 51.07780075073242 -17.246788024902344 0.8252316117286682
    vertex 51.07780075073242 -17.246788024902344 4.878645420074463
    vertex 51.1330451965332 -17.666458129882812 0.8252316117286682
  endloop
endfacet
facet normal 0.0 0.0 0.0
  outer loop
    vertex 51.1330451965332 -17.666458129882812 0.8252316117286682
    vertex 51.07780075073242 -17.246788024902344 4.878645420074463
    vertex 51.1330451965332 -17.666458129882812 4.878645420074463
  endloop
endfacet
facet normal 0.0 0.0 0.0
  outer loop
    vertex 51.1330451965332 -17.666458129882812 0.8252316117286682
    vertex 51.1330451965332 -17.666458129882812 4.878645420074463
    vertex 51.29502487182617 -18.05746841430664 0.8252316117286682
  endloop
endfacet
facet normal 0.0 0.0 0.0
  outer loop
    vertex 51.29502487182617 -18.05746841430664 0.8252316117286682
    vertex 51.1330451965332 -17.666458129882812 4.878645420074463
    vertex 51.29502487182617 -18.05746841430664 4.878645420074463
  endloop
endfacet
facet normal 0.0 0.0 0.0
  outer loop
    vertex 51.29502487182617 -18.05746841430664 0.8252316117286682
    vertex 51.29502487182617 -18.05746841430664 4.878645420074463
    vertex 51.55268859863281 -18.39330291748047 0.8252316117286682
  endloop
endfacet
facet normal 0.0 0.0 0.0
  outer loop
    vertex 51.55268859863281 -18.39330291748047 0.8252316117286682
    vertex 51.29502487182617 -18.05746841430664 4.878645420074463
    vertex 51.55268859863281 -18.39330291748047 4.878645420074463
  endloop
endfacet
facet normal 0.0 0.0 0.0
  outer loop
    vertex 51.55268859863281 -18.39330291748047 0.8252316117286682
    vertex 51.55268859863281 -18.39330291748047 4.878645420074463
    vertex 51.888484954833984 -18.650955200195312 0.8252316117286682
  endloop
endfacet
facet normal 0.0 0.0 0.0
  outer loop
    vertex 51.888484954833984 -18.650955200195312 0.8252316117286682
    vertex 51.55268859863281 -18.39330291748047 4.878645420074463
    vertex 51.888484954833984 -18.650955200195312 4.878645420074463
  endloop
endfacet
facet normal 0.0 0.0 0.0
  outer loop
    vertex 51.888484954833984 -18.650955200195312 0.8252316117286682
    vertex 51.888484954833984 -18.650955200195312 4.878645420074463
    vertex 52.27952575683594 -18.812931060791016 0.8252316117286682
  endloop
endfacet
facet normal 0.0 0.0 0.0
  outer loop
    vertex 52.27952575683594 -18.812931060791016 0.8252316117286682
    vertex 51.888484954833984 -18.650955200195312 4.878645420074463
    vertex 52.27952575683594 -18.812931060791016 4.878645420074463
  endloop
endfacet
facet normal 0.0 0.0 0.0
  outer loop
    vertex 52.69916915893555 -18.868152618408203 0.8252316117286682
    vertex 53.11880874633789 -18.812931060791016 0.8252316117286682
    vertex 52.27952575683594 -18.812931060791016 0.8252316117286682
  endloop
endfacet
facet normal 0.0 0.0 0.0
  outer loop
    vertex 52.27952575683594 -18.812931060791016 0.8252316117286682
    vertex 53.11880874633789 -18.812931060791016 0.8252316117286682
    vertex 51.888484954833984 -18.650955200195312 0.8252316117286682
  endloop
endfacet
facet normal 0.0 0.0 0.0
  outer loop
    vertex 51.888484954833984 -18.650955200195312 0.8252316117286682
    vertex 53.11880874633789 -18.812931060791016 0.8252316117286682
    vertex 53.509849548339844 -18.650955200195312 0.8252316117286682
  endloop
endfacet
facet normal 0.0 0.0 0.0
  outer loop
    vertex 51.888484954833984 -18.650955200195312 0.8252316117286682
    vertex 53.509849548339844 -18.650955200195312 0.8252316117286682
    vertex 51.55268859863281 -18.39330291748047 0.8252316117286682
  endloop
endfacet
facet normal 0.0 0.0 0.0
  outer loop
    vertex 51.55268859863281 -18.39330291748047 0.8252316117286682
    vertex 53.509849548339844 -18.650955200195312 0.8252316117286682
    vertex 53.845645904541016 -18.39330291748047 0.8252316117286682
  endloop
endfacet
facet normal 0.0 0.0 0.0
  outer loop
    vertex 51.55268859863281 -18.39330291748047 0.8252316117286682
    vertex 53.845645904541016 -18.39330291748047 0.8252316117286682
    vertex 51.29502487182617 -18.05746841430664 0.8252316117286682
  endloop
endfacet
facet normal 0.0 0.0 0.0
  outer loop
    vertex 51.29502487182617 -18.05746841430664 0.8252316117286682
    vertex 53.845645904541016 -18.39330291748047 0.8252316117286682
    vertex 54.103309631347656 -18.05746841430664 0.8252316117286682
  endloop
endfacet
facet normal 0.0 0.0 0.0
  outer loop
    vertex 51.29502487182617 -18.05746841430664 0.8252316117286682
    vertex 54.103309631347656 -18.05746841430664 0.8252316117286682
    vertex 51.1330451965332 -17.666458129882812 0.8252316117286682
  endloop
endfacet
facet normal 0.0 0.0 0.0
  outer loop
    vertex 51.1330451965332 -17.666458129882812 0.8252316117286682
    vertex 54.103309631347656 -18.05746841430664 0.8252316117286682
    vertex 54.265289306640625 -17.666458129882812 0.8252316117286682
  endloop
endfacet
facet normal 0.0 0.0 0.0
  outer loop
    vertex 51.1330451965332 -17.666458129882812 0.8252316117286682
    vertex 54.265289306640625 -17.666458129882812 0.8252316117286682
    vertex 51.07780075073242 -17.246788024902344 0.8252316117286682
  endloop
endfacet
facet normal 0.0 0.0 0.0
  outer loop
    vertex 51.07780075073242 -17.246788024902344 0.8252316117286682
    vertex 54.265289306640625 -17.666458129882812 0.8252316117286682
    vertex 54.320533752441406 -17.246788024902344 0.8252316117286682
  endloop
endfacet
facet normal 0.0 0.0 0.0
  outer loop
    vertex 51.07780075073242 -17.246788024902344 0.8252316117286682
    vertex 54.320533752441406 -17.246788024902344 0.8252316117286682
    vertex 51.1330451965332 -16.82715606689453 0.8252316117286682
  endloop
endfacet
facet normal 0.0 0.0 0.0
  outer loop
    vertex 51.1330451965332 -16.82715606689453 0.8252316117286682
    vertex 54.320533752441406 -17.246788024902344 0.8252316117286682
    vertex 54.265289306640625 -16.82715606689453 0.8252316117286682
  endloop
endfacet
facet normal 0.0 0.0 0.0
  outer loop
    vertex 51.1330451965332 -16.82715606689453 0.8252316117286682
    vertex 54.265289306640625 -16.82715606689453 0.8252316117286682
    vertex 51.29502487182617 -16.43610382080078 0.8252316117286682
  endloop
endfacet
facet normal 0.0 0.0 0.0
  outer loop
    vertex 51.29502487182617 -16.43610382080078 0.8252316117286682
    vertex 54.265289306640625 -16.82715606689453 0.8252316117286682
    vertex 54.103309631347656 -16.43610382080078 0.8252316117286682
  endloop
endfacet
facet normal 0.0 0.0 0.0
  outer loop
    vertex 51.29502487182617 -16.43610382080078 0.8252316117286682
    vertex 54.103309631347656 -16.43610382080078 0.8252316117286682
    vertex 51.55268859863281 -16.100311279296875 0.8252316117286682
  endloop
endfacet
facet normal 0.0 0.0 0.0
  outer loop
    vertex 51.55268859863281 -16.100311279296875 0.8252316117286682
    vertex 54.103309631347656 -16.43610382080078 0.8252316117286682
    vertex 53.845645904541016 -16.100311279296875 0.8252316117286682
  endloop
endfacet
facet normal 0.0 0.0 0.0
  outer loop
    vertex 51.55268859863281 -16.100311279296875 0.8252316117286682
    vertex 53.845645904541016 -16.100311279296875 0.8252316117286682
    vertex 51.888484954833984 -15.842658042907715 0.8252316117286682
  endloop
endfacet
facet normal 0.0 0.0 0.0
  outer loop
    vertex 51.888484954833984 -15.842658042907715 0.8252316117286682
    vertex 53.845645904541016 -16.100311279296875 0.8252316117286682
    vertex 53.509849548339844 -15.842658042907715 0.8252316117286682
  endloop
endfacet
facet normal 0.0 0.0 0.0
  outer loop
    vertex 51.888484954833984 -15.842658042907715 0.8252316117286682
    vertex 53.509849548339844 -15.842658042907715 0.8252316117286682
    vertex 52.27952575683594 -15.680680274963379 0.8252316117286682
  endloop
endfacet
facet normal 0.0 0.0 0.0
  outer loop
    vertex 52.27952575683594 -15.680680274963379 0.8252316117286682
    vertex 53.509849548339844 -15.842658042907715 0.8252316117286682
    vertex 53.11880874633789 -15.680680274963379 0.8252316117286682
  endloop
endfacet
facet normal 0.0 0.0 0.0
  outer loop
    vertex 52.27952575683594 -15.680680274963379 0.8252316117286682
    vertex 53.11880874633789 -15.680680274963379 0.8252316117286682
    vertex 52.69916915893555 -15.625420570373535 0.8252316117286682
  endloop
endfacet
facet normal 0.0 0.0 0.0
  outer loop
    vertex 61.77881622314453 -17.246788024902344 4.878645420074463
    vertex 61.77881622314453 -17.246788024902344 -3.228181838989258
    vertex 61.46943664550781 -14.896836280822754 4.878645420074463
  endloop
endfacet
facet normal 0.0 0.0 0.0
  outer loop
    vertex 61.46943664550781 -14.896836280822754 4.878645420074463
    vertex 61.77881622314453 -17.246788024902344 -3.228181838989258
    vertex 61.46943664550781 -14.896836280822754 -3.228181838989258
  endloop
endfacet
facet normal 0.0 0.0 0.0
  outer loop
    vertex 61.46943664550781 -14.896836280822754 4.878645420074463
    vertex 61.46943664550781 -14.896836280822754 -3.228181838989258
    vertex 60.56237030029297 -12.706963539123535 4.878645420074463
  endloop
endfacet
facet normal 0.0 0.0 0.0
  outer loop
    vertex 60.56237030029297 -12.706963539123535 4.878645420074463
    vertex 61.46943664550781 -14.896836280822754 -3.228181838989258
    vertex 60.56237030029297 -12.706963539123535 -3.228181838989258
  endloop
endfacet
facet normal 0.0 0.0 0.0
  outer loop
    vertex 60.56237030029297 -12.706963539123535 4.878645420074463
    vertex 60.56237030029297 -12.706963539123535 -3.228181838989258
    vertex 59.119449615478516 -10.826519966125488 4.878645420074463
  endloop
endfacet
facet normal 0.0 0.0 0.0
  outer loop
    vertex 59.119449615478516 -10.826519966125488 4.878645420074463
    vertex 60.56237030029297 -12.706963539123535 -3.228181838989258
    vertex 59.119449615478516 -10.826519966125488 -3.228181838989258
  endloop
endfacet
facet normal 0.0 0.0 0.0
  outer loop
    vertex 59.119449615478516 -10.826519966125488 4.878645420074463
    vertex 59.119449615478516 -10.826519966125488 -3.228181838989258
    vertex 57.238990783691406 -9.383599281311035 4.878645420074463
  endloop
endfacet
facet normal 0.0 0.0 0.0
  outer loop
    vertex 57.238990783691406 -9.383599281311035 4.878645420074463
    vertex 59.119449615478516 -10.826519966125488 -3.228181838989258
    vertex 57.238990783691406 -9.383599281311035 -3.228181838989258
  endloop
endfacet
facet normal 0.0 0.0 0.0
  outer loop
    vertex 57.238990783691406 -9.383599281311035 4.878645420074463
    vertex 57.238990783691406 -9.383599281311035 -3.228181838989258
    vertex 55.04915237426758 -8.476529121398926 4.878645420074463
  endloop
endfacet
facet normal 0.0 0.0 0.0
  outer loop
    vertex 55.04915237426758 -8.476529121398926 4.878645420074463
    vertex 57.238990783691406 -9.383599281311035 -3.228181838989258
    vertex 55.04915237426758 -8.476529121398926 -3.228181838989258
  endloop
endfacet
facet normal 0.0 0.0 0.0
  outer loop
    vertex 55.04915237426758 -8.476529121398926 4.878645420074463
    vertex 55.04915237426758 -8.476529121398926 -3.228181838989258
    vertex 52.69916915893555 -8.167140007019043 4.878645420074463
  endloop
endfacet
facet normal 0.0 0.0 0.0
  outer loop
    vertex 52.69916915893555 -8.167140007019043 4.878645420074463
    vertex 55.04915237426758 -8.476529121398926 -3.228181838989258
    vertex 52.69916915893555 -8.167140007019043 -3.228181838989258
  endloop
endfacet
facet normal 0.0 0.0 0.0
  outer loop
    vertex 52.69916915893555 -8.167140007019043 4.878645420074463
    vertex 52.69916915893555 -8.167140007019043 -3.228181838989258
    vertex 50.34918212890625 -8.476529121398926 4.878645420074463
  endloop
endfacet
facet normal 0.0 0.0 0.0
  outer loop
    vertex 50.34918212890625 -8.476529121398926 4.878645420074463
    vertex 52.69916915893555 -8.167140007019043 -3.228181838989258
    vertex 50.34918212890625 -8.476529121398926 -3.228181838989258
  endloop
endfacet
facet normal 0.0 0.0 0.0
  outer loop
    vertex 50.34918212890625 -8.476529121398926 4.878645420074463
    vertex 50.34918212890625 -8.476529121398926 -3.228181838989258
    vertex 48.15934371948242 -9.383599281311035 4.878645420074463
  endloop
endfacet
facet normal 0.0 0.0 0.0
  outer loop
    vertex 48.15934371948242 -9.383599281311035 4.878645420074463
    vertex 50.34918212890625 -8.476529121398926 -3.228181838989258
    vertex 48.15934371948242 -9.383599281311035 -3.228181838989258
  endloop
endfacet
facet normal 0.0 0.0 0.0
  outer loop
    vertex 48.15934371948242 -9.383599281311035 4.878645420074463
    vertex 48.15934371948242 -9.383599281311035 -3.228181838989258
    vertex 46.27888488769531 -10.826519966125488 4.878645420074463
  endloop
endfacet
facet normal 0.0 0.0 0.0
  outer loop
    vertex 46.27888488769531 -10.826519966125488 4.878645420074463
    vertex 48.15934371948242 -9.383599281311035 -3.228181838989258
    vertex 46.27888488769531 -10.826519966125488 -3.228181838989258
  endloop
endfacet
facet normal 0.0 0.0 0.0
  outer loop
    vertex 46.27888488769531 -10.826519966125488 4.878645420074463
    vertex 46.27888488769531 -10.826519966125488 -3.228181838989258
    vertex 44.83596420288086 -12.706963539123535 4.878645420074463
  endloop
endfacet
facet normal 0.0 0.0 0.0
  outer loop
    vertex 44.83596420288086 -12.706963539123535 4.878645420074463
    vertex 46.27888488769531 -10.826519966125488 -3.228181838989258
    vertex 44.83596420288086 -12.706963539123535 -3.228181838989258
  endloop
endfacet
facet normal 0.0 0.0 0.0
  outer loop
    vertex 44.83596420288086 -12.706963539123535 4.878645420074463
    vertex 44.83596420288086 -12.706963539123535 -3.228181838989258
    vertex 43.92890167236328 -14.896836280822754 4.878645420074463
  endloop
endfacet
facet normal 0.0 0.0 0.0
  outer loop
    vertex 43.92890167236328 -14.896836280822754 4.878645420074463
    vertex 44.83596420288086 -12.706963539123535 -3.228181838989258
    vertex 43.92890167236328 -14.896836280822754 -3.228181838989258
  endloop
endfacet
facet normal 0.0 0.0 0.0
  outer loop
    vertex 43.92890167236328 -14.896836280822754 4.878645420074463
    vertex 43.92890167236328 -14.896836280822754 -3.228181838989258
    vertex 43.61952209472656 -17.246788024902344 4.878645420074463
  endloop
endfacet
facet normal 0.0 0.0 0.0
  outer loop
    vertex 43.61952209472656 -17.246788024902344 4.878645420074463
    vertex 43.92890167236328 -14.896836280822754 -3.228181838989258
    vertex 43.61952209472656 -17.246788024902344 -3.228181838989258
  endloop
endfacet
facet normal 0.0 0.0 0.0
  outer loop
    vertex 43.61952209472656 -17.246788024902344 4.878645420074463
    vertex 43.61952209472656 -17.246788024902344 -3.228181838989258
    vertex 43.92890167236328 -19.596778869628906 4.878645420074463
  endloop
endfacet
facet normal 0.0 0.0 0.0
  outer loop
    vertex 43.92890167236328 -19.596778869628906 4.878645420074463
    vertex 43.61952209472656 -17.246788024902344 -3.228181838989258
    vertex 43.92890167236328 -19.596778869628906 -3.228181838989258
  endloop
endfacet
facet normal 0.0 0.0 0.0
  outer loop
    vertex 43.92890167236328 -19.596778869628906 4.878645420074463
    vertex 43.92890167236328 -19.596778869628906 -3.228181838989258
    vertex 44.83596420288086 -21.786609649658203 4.878645420074463
  endloop
endfacet
facet normal 0.0 0.0 0.0
  outer loop
    vertex 44.83596420288086 -21.786609649658203 4.878645420074463
    vertex 43.92890167236328 -19.596778869628906 -3.228181838989258
    vertex 44.83596420288086 -21.786609649658203 -3.228181838989258
  endloop
endfacet
facet normal 0.0 0.0 0.0
  outer loop
    vertex 44.83596420288086 -21.786609649658203 4.878645420074463
    vertex 44.83596420288086 -21.786609649658203 -3.228181838989258
    vertex 46.27888488769531 -23.667095184326172 4.878645420074463
  endloop
endfacet
facet normal 0.0 0.0 0.0
  outer loop
    vertex 46.27888488769531 -23.667095184326172 4.878645420074463
    vertex 44.83596420288086 -21.786609649658203 -3.228181838989258
    vertex 46.27888488769531 -23.667095184326172 -3.228181838989258
  endloop
endfacet
facet normal 0.0 0.0 0.0
  outer loop
    vertex 46.27888488769531 -23.667095184326172 4.878645420074463
    vertex 46.27888488769531 -23.667095184326172 -3.228181838989258
    vertex 48.15934371948242 -25.110015869140625 4.878645420074463
  endloop
endfacet
facet normal 0.0 0.0 0.0
  outer loop
    vertex 48.15934371948242 -25.110015869140625 4.878645420074463
    vertex 46.27888488769531 -23.667095184326172 -3.228181838989258
    vertex 48.15934371948242 -25.110015869140625 -3.228181838989258
  endloop
endfacet
facet normal 0.0 0.0 0.0
  outer loop
    vertex 48.15934371948242 -25.110015869140625 4.878645420074463
    vertex 48.15934371948242 -25.110015869140625 -3.228181838989258
    vertex 50.34918212890625 -26.017086029052734 4.878645420074463
  endloop
endfacet
facet normal 0.0 0.0 0.0
  outer loop
    vertex 50.34918212890625 -26.017086029052734 4.878645420074463
    vertex 48.15934371948242 -25.110015869140625 -3.228181838989258
    vertex 50.34918212890625 -26.017086029052734 -3.228181838989258
  endloop
endfacet
facet normal 0.0 0.0 0.0
  outer loop
    vertex 50.34918212890625 -26.017086029052734 4.878645420074463
    vertex 50.34918212890625 -26.017086029052734 -3.228181838989258
    vertex 52.69916915893555 -26.326435089111328 4.878645420074463
  endloop
endfacet
facet normal 0.0 0.0 0.0
  outer loop
    vertex 52.69916915893555 -26.326435089111328 4.878645420074463
    vertex 50.34918212890625 -26.017086029052734 -3.228181838989258
    vertex 52.69916915893555 -26.326435089111328 -3.228181838989258
  endloop
endfacet
facet normal 0.0 0.0 0.0
  outer loop
    vertex 52.69916915893555 -26.326435089111328 4.878645420074463
    vertex 52.69916915893555 -26.326435089111328 -3.228181838989258
    vertex 55.04915237426758 -26.017086029052734 4.878645420074463
  endloop
endfacet
facet normal 0.0 0.0 0.0
  outer loop
    vertex 55.04915237426758 -26.017086029052734 4.878645420074463
    vertex 52.69916915893555 -26.326435089111328 -3.228181838989258
    vertex 55.04915237426758 -26.017086029052734 -3.228181838989258
  endloop
endfacet
facet normal 0.0 0.0 0.0
  outer loop
    vertex 55.04915237426758 -26.017086029052734 4.878645420074463
    vertex 55.04915237426758 -26.017086029052734 -3.228181838989258
    vertex 57.238990783691406 -25.110015869140625 4.878645420074463
  endloop
endfacet
facet normal 0.0 0.0 0.0
  outer loop
    vertex 57.238990783691406 -25.110015869140625 4.878645420074463
    vertex 55.04915237426758 -26.017086029052734 -3.228181838989258
    vertex 57.238990783691406 -25.110015869140625 -3.228181838989258
  endloop
endfacet
facet normal 0.0 0.0 0.0
  outer loop
    vertex 57.238990783691406 -25.110015869140625 4.878645420074463
    vertex 57.238990783691406 -25.110015869140625 -3.228181838989258
    vertex 59.119449615478516 -23.667095184326172 4.878645420074463
  endloop
endfacet
facet normal 0.0 0.0 0.0
  outer loop
    vertex 59.119449615478516 -23.667095184326172 4.878645420074463
    vertex 57.238990783691406 -25.110015869140625 -3.228181838989258
    vertex 59.119449615478516 -23.667095184326172 -3.228181838989258
  endloop
endfacet
facet normal 0.0 0.0 0.0
  outer loop
    vertex 59.119449615478516 -23.667095184326172 4.878645420074463
    vertex 59.119449615478516 -23.667095184326172 -3.228181838989258
    vertex 60.56237030029297 -21.786609649658203 4.878645420074463
  endloop
endfacet
facet normal 0.0 0.0 0.0
  outer loop
    vertex 60.56237030029297 -21.786609649658203 4.878645420074463
    vertex 59.119449615478516 -23.667095184326172 -3.228181838989258
    vertex 60.56237030029297 -21.786609649658203 -3.228181838989258
  endloop
endfacet
facet normal 0.0 0.0 0.0
  outer loop
    vertex 60.56237030029297 -21.786609649658203 4.878645420074463
    vertex 60.56237030029297 -21.786609649658203 -3.228181838989258
    vertex 61.46943664550781 -19.596778869628906 4.878645420074463
  endloop
endfacet
facet normal 0.0 0.0 0.0
  outer loop
    vertex 61.46943664550781 -19.596778869628906 4.878645420074463
    vertex 60.56237030029297 -21.786609649658203 -3.228181838989258
    vertex 61.46943664550781 -19.596778869628906 -3.228181838989258
  endloop
endfacet
facet normal 0.0 0.0 0.0
  outer loop
    vertex 61.46943664550781 -19.596778869628906 4.878645420074463
    vertex 61.46943664550781 -19.596778869628906 -3.228181838989258
    vertex 61.77881622314453 -17.246788024902344 4.878645420074463
  endloop
endfacet
facet normal 0.0 0.0 0.0
  outer loop
    vertex 61.77881622314453 -17.246788024902344 4.878645420074463
    vertex 61.46943664550781 -19.596778869628906 -3.228181838989258
    vertex 61.77881622314453 -17.246788024902344 -3.228181838989258
  endloop
endfacet
facet normal 0.0 0.0 0.0
  outer loop
    vertex 52.27952575683594 -18.812931060791016 4.878645420074463
    vertex 50.34918212890625 -26.017086029052734 4.878645420074463
    vertex 52.69916915893555 -18.868152618408203 4.878645420074463
  endloop
endfacet
facet normal 0.0 0.0 0.0
  outer loop
    vertex 52.69916915893555 -18.868152618408203 4.878645420074463
    vertex 50.34918212890625 -26.017086029052734 4.878645420074463
    vertex 52.69916915893555 -26.326435089111328 4.878645420074463
  endloop
endfacet
facet normal 0.0 0.0 0.0
  outer loop
    vertex 52.69916915893555 -18.868152618408203 4.878645420074463
    vertex 52.69916915893555 -26.326435089111328 4.878645420074463
    vertex 55.04915237426758 -26.017086029052734 4.878645420074463
  endloop
endfacet
facet normal 0.0 0.0 0.0
  outer loop
    vertex 50.34918212890625 -26.017086029052734 4.878645420074463
    vertex 52.27952575683594 -18.812931060791016 4.878645420074463
    vertex 48.15934371948242 -25.110015869140625 4.878645420074463
  endloop
endfacet
facet normal 0.0 0.0 0.0
  outer loop
    vertex 48.15934371948242 -25.110015869140625 4.878645420074463
    vertex 52.27952575683594 -18.812931060791016 4.878645420074463
    vertex 51.888484954833984 -18.650955200195312 4.878645420074463
  endloop
endfacet
facet normal 0.0 0.0 0.0
  outer loop
    vertex 48.15934371948242 -25.110015869140625 4.878645420074463
    vertex 51.888484954833984 -18.650955200195312 4.878645420074463
    vertex 46.27888488769531 -23.667095184326172 4.878645420074463
  endloop
endfacet
facet normal 0.0 0.0 0.0
  outer loop
    vertex 46.27888488769531 -23.667095184326172 4.878645420074463
    vertex 51.888484954833984 -18.650955200195312 4.878645420074463
    vertex 51.55268859863281 -18.39330291748047 4.878645420074463
  endloop
endfacet
facet normal 0.0 0.0 0.0
  outer loop
    vertex 46.27888488769531 -23.667095184326172 4.878645420074463
    vertex 51.55268859863281 -18.39330291748047 4.878645420074463
    vertex 44.83596420288086 -21.786609649658203 4.878645420074463
  endloop
endfacet
facet normal 0.0 0.0 0.0
  outer loop
    vertex 44.83596420288086 -21.786609649658203 4.878645420074463
    vertex 51.55268859863281 -18.39330291748047 4.878645420074463
    vertex 51.29502487182617 -18.05746841430664 4.878645420074463
  endloop
endfacet
facet normal 0.0 0.0 0.0
  outer loop
    vertex 44.83596420288086 -21.786609649658203 4.878645420074463
    vertex 51.29502487182617 -18.05746841430664 4.878645420074463
    vertex 43.92890167236328 -19.596778869628906 4.878645420074463
  endloop
endfacet
facet normal 0.0 0.0 0.0
  outer loop
    vertex 43.92890167236328 -19.596778869628906 4.878645420074463
    vertex 51.29502487182617 -18.05746841430664 4.878645420074463
    vertex 51.1330451965332 -17.666458129882812 4.878645420074463
  endloop
endfacet
facet normal 0.0 0.0 0.0
  outer loop
    vertex 43.92890167236328 -19.596778869628906 4.878645420074463
    vertex 51.1330451965332 -17.666458129882812 4.878645420074463
    vertex 43.61952209472656 -17.246788024902344 4.878645420074463
  endloop
endfacet
facet normal 0.0 0.0 0.0
  outer loop
    vertex 43.61952209472656 -17.246788024902344 4.878645420074463
    vertex 51.1330451965332 -17.666458129882812 4.878645420074463
    vertex 51.07780075073242 -17.246788024902344 4.878645420074463
  endloop
endfacet
facet normal 0.0 0.0 0.0
  outer loop
    vertex 43.61952209472656 -17.246788024902344 4.878645420074463
    vertex 51.07780075073242 -17.246788024902344 4.878645420074463
    vertex 51.1330451965332 -16.82715606689453 4.878645420074463
  endloop
endfacet
facet normal 0.0 0.0 0.0
  outer loop
    vertex 43.61952209472656 -17.246788024902344 4.878645420074463
    vertex 51.1330451965332 -16.82715606689453 4.878645420074463
    vertex 43.92890167236328 -14.896836280822754 4.878645420074463
  endloop
endfacet
facet normal 0.0 0.0 0.0
  outer loop
    vertex 43.92890167236328 -14.896836280822754 4.878645420074463
    vertex 51.1330451965332 -16.82715606689453 4.878645420074463
    vertex 51.29502487182617 -16.43610382080078 4.878645420074463
  endloop
endfacet
facet normal 0.0 0.0 0.0
  outer loop
    vertex 43.92890167236328 -14.896836280822754 4.878645420074463
    vertex 51.29502487182617 -16.43610382080078 4.878645420074463
    vertex 44.83596420288086 -12.706963539123535 4.878645420074463
  endloop
endfacet
facet normal 0.0 0.0 0.0
  outer loop
    vertex 44.83596420288086 -12.706963539123535 4.878645420074463
    vertex 51.29502487182617 -16.43610382080078 4.878645420074463
    vertex 51.55268859863281 -16.100311279296875 4.878645420074463
  endloop
endfacet
facet normal 0.0 0.0 0.0
  outer loop
    vertex 44.83596420288086 -12.706963539123535 4.878645420074463
    vertex 51.55268859863281 -16.100311279296875 4.878645420074463
    vertex 46.27888488769531 -10.826519966125488 4.878645420074463
  endloop
endfacet
facet normal 0.0 0.0 0.0
  outer loop
    vertex 46.27888488769531 -10.826519966125488 4.878645420074463
    vertex 51.55268859863281 -16.100311279296875 4.878645420074463
    vertex 51.888484954833984 -15.842658042907715 4.878645420074463
  endloop
endfacet
facet normal 0.0 0.0 0.0
  outer loop
    vertex 46.27888488769531 -10.826519966125488 4.878645420074463
    vertex 51.888484954833984 -15.842658042907715 4.878645420074463
    vertex 48.15934371948242 -9.383599281311035 4.878645420074463
  endloop
endfacet
facet normal 0.0 0.0 0.0
  outer loop
    vertex 48.15934371948242 -9.383599281311035 4.878645420074463
    vertex 51.888484954833984 -15.842658042907715 4.878645420074463
    vertex 52.27952575683594 -15.680680274963379 4.878645420074463
  endloop
endfacet
facet normal 0.0 0.0 0.0
  outer loop
    vertex 48.15934371948242 -9.383599281311035 4.878645420074463
    vertex 52.27952575683594 -15.680680274963379 4.878645420074463
    vertex 50.34918212890625 -8.476529121398926 4.878645420074463
  endloop
endfacet
facet normal 0.0 0.0 0.0
  outer loop
    vertex 50.34918212890625 -8.476529121398926 4.878645420074463
    vertex 52.27952575683594 -15.680680274963379 4.878645420074463
    vertex 52.69916915893555 -15.625420570373535 4.878645420074463
  endloop
endfacet
facet normal 0.0 0.0 0.0
  outer loop
    vertex 50.34918212890625 -8.476529121398926 4.878645420074463
    vertex 52.69916915893555 -15.625420570373535 4.878645420074463
    vertex 52.69916915893555 -8.167140007019043 4.878645420074463
  endloop
endfacet
facet normal 0.0 0.0 0.0
  outer loop
    vertex 52.69916915893555 -8.167140007019043 4.878645420074463
    vertex 52.69916915893555 -15.625420570373535 4.878645420074463
    vertex 55.04915237426758 -8.476529121398926 4.878645420074463
  endloop
endfacet
facet normal 0.0 0.0 0.0
  outer loop
    vertex 55.04915237426758 -8.476529121398926 4.878645420074463
    vertex 52.69916915893555 -15.625420570373535 4.878645420074463
    vertex 53.11880874633789 -15.680680274963379 4.878645420074463
  endloop
endfacet
facet normal 0.0 0.0 0.0
  outer loop
    vertex 55.04915237426758 -8.476529121398926 4.878645420074463
    vertex 53.11880874633789 -15.680680274963379 4.878645420074463
    vertex 57.238990783691406 -9.383599281311035 4.878645420074463
  endloop
endfacet
facet normal 0.0 0.0 0.0
  outer loop
    vertex 57.238990783691406 -9.383599281311035 4.878645420074463
    vertex 53.11880874633789 -15.680680274963379 4.878645420074463
    vertex 53.509849548339844 -15.842658042907715 4.878645420074463
  endloop
endfacet
facet normal 0.0 0.0 0.0
  outer loop
    vertex 57.238990783691406 -9.383599281311035 4.878645420074463
    vertex 53.509849548339844 -15.842658042907715 4.878645420074463
    vertex 59.119449615478516 -10.826519966125488 4.878645420074463
  endloop
endfacet
facet normal 0.0 0.0 0.0
  outer loop
    vertex 59.119449615478516 -10.826519966125488 4.878645420074463
    vertex 53.509849548339844 -15.842658042907715 4.878645420074463
    vertex 53.845645904541016 -16.100311279296875 4.878645420074463
  endloop
endfacet
facet normal 0.0 0.0 0.0
  outer loop
    vertex 59.119449615478516 -10.826519966125488 4.878645420074463
    vertex 53.845645904541016 -16.100311279296875 4.878645420074463
    vertex 60.56237030029297 -12.706963539123535 4.878645420074463
  endloop
endfacet
facet normal 0.0 0.0 0.0
  outer loop
    vertex 60.56237030029297 -12.706963539123535 4.878645420074463
    vertex 53.845645904541016 -16.100311279296875 4.878645420074463
    vertex 54.103309631347656 -16.43610382080078 4.878645420074463
  endloop
endfacet
facet normal 0.0 0.0 0.0
  outer loop
    vertex 60.56237030029297 -12.706963539123535 4.878645420074463
    vertex 54.103309631347656 -16.43610382080078 4.878645420074463
    vertex 61.46943664550781 -14.896836280822754 4.878645420074463
  endloop
endfacet
facet normal 0.0 0.0 0.0
  outer loop
    vertex 61.46943664550781 -14.896836280822754 4.878645420074463
    vertex 54.103309631347656 -16.43610382080078 4.878645420074463
    vertex 54.265289306640625 -16.82715606689453 4.878645420074463
  endloop
endfacet
facet normal 0.0 0.0 0.0
  outer loop
    vertex 61.46943664550781 -14.896836280822754 4.878645420074463
    vertex 54.265289306640625 -16.82715606689453 4.878645420074463
    vertex 61.77881622314453 -17.246788024902344 4.878645420074463
  endloop
endfacet
facet normal 0.0 0.0 0.0
  outer loop
    vertex 61.77881622314453 -17.246788024902344 4.878645420074463
    vertex 54.265289306640625 -16.82715606689453 4.878645420074463
    vertex 54.320533752441406 -17.246788024902344 4.878645420074463
  endloop
endfacet
facet normal 0.0 0.0 0.0
  outer loop
    vertex 61.77881622314453 -17.246788024902344 4.878645420074463
    vertex 54.320533752441406 -17.246788024902344 4.878645420074463
    vertex 61.46943664550781 -19.596778869628906 4.878645420074463
  endloop
endfacet
facet normal 0.0 0.0 0.0
  outer loop
    vertex 61.46943664550781 -19.596778869628906 4.878645420074463
    vertex 54.320533752441406 -17.246788024902344 4.878645420074463
    vertex 54.265289306640625 -17.666458129882812 4.878645420074463
  endloop
endfacet
facet normal 0.0 0.0 0.0
  outer loop
    vertex 61.46943664550781 -19.596778869628906 4.878645420074463
    vertex 54.265289306640625 -17.666458129882812 4.878645420074463
    vertex 54.103309631347656 -18.05746841430664 4.878645420074463
  endloop
endfacet
facet normal 0.0 0.0 0.0
  outer loop
    vertex 61.46943664550781 -19.596778869628906 4.878645420074463
    vertex 54.103309631347656 -18.05746841430664 4.878645420074463
    vertex 60.56237030029297 -21.786609649658203 4.878645420074463
  endloop
endfacet
facet normal 0.0 0.0 0.0
  outer loop
    vertex 60.56237030029297 -21.786609649658203 4.878645420074463
    vertex 54.103309631347656 -18.05746841430664 4.878645420074463
    vertex 53.845645904541016 -18.39330291748047 4.878645420074463
  endloop
endfacet
facet normal 0.0 0.0 0.0
  outer loop
    vertex 60.56237030029297 -21.786609649658203 4.878645420074463
    vertex 53.845645904541016 -18.39330291748047 4.878645420074463
    vertex 59.119449615478516 -23.667095184326172 4.878645420074463
  endloop
endfacet
facet normal 0.0 0.0 0.0
  outer loop
    vertex 59.119449615478516 -23.667095184326172 4.878645420074463
    vertex 53.845645904541016 -18.39330291748047 4.878645420074463
    vertex 53.509849548339844 -18.650955200195312 4.878645420074463
  endloop
endfacet
facet normal 0.0 0.0 0.0
  outer loop
    vertex 59.119449615478516 -23.667095184326172 4.878645420074463
    vertex 53.509849548339844 -18.650955200195312 4.878645420074463
    vertex 57.238990783691406 -25.110015869140625 4.878645420074463
  endloop
endfacet
facet normal 0.0 0.0 0.0
  outer loop
    vertex 57.238990783691406 -25.110015869140625 4.878645420074463
    vertex 53.509849548339844 -18.650955200195312 4.878645420074463
    vertex 53.11880874633789 -18.812931060791016 4.878645420074463
  endloop
endfacet
facet normal 0.0 0.0 0.0
  outer loop
    vertex 57.238990783691406 -25.110015869140625 4.878645420074463
    vertex 53.11880874633789 -18.812931060791016 4.878645420074463
    vertex 55.04915237426758 -26.017086029052734 4.878645420074463
  endloop
endfacet
facet normal 0.0 0.0 0.0
  outer loop
    vertex 55.04915237426758 -26.017086029052734 4.878645420074463
    vertex 53.11880874633789 -18.812931060791016 4.878645420074463
    vertex 52.69916915893555 -18.868152618408203 4.878645420074463
  endloop
endfacet
facet normal 0.0 0.0 0.0
  outer loop
    vertex 61.46943664550781 -19.596778869628906 -3.228181838989258
    vertex 43.92890167236328 -19.596778869628906 -3.228181838989258
    vertex 61.77881622314453 -17.246788024902344 -3.228181838989258
  endloop
endfacet
facet normal 0.0 0.0 0.0
  outer loop
    vertex 61.77881622314453 -17.246788024902344 -3.228181838989258
    vertex 43.92890167236328 -19.596778869628906 -3.228181838989258
    vertex 43.61952209472656 -17.246788024902344 -3.228181838989258
  endloop
endfacet
facet normal 0.0 0.0 0.0
  outer loop
    vertex 61.77881622314453 -17.246788024902344 -3.228181838989258
    vertex 43.61952209472656 -17.246788024902344 -3.228181838989258
    vertex 61.46943664550781 -14.896836280822754 -3.228181838989258
  endloop
endfacet
facet normal 0.0 0.0 0.0
  outer loop
    vertex 61.46943664550781 -14.896836280822754 -3.228181838989258
    vertex 43.61952209472656 -17.246788024902344 -3.228181838989258
    vertex 43.92890167236328 -14.896836280822754 -3.228181838989258
  endloop
endfacet
facet normal 0.0 0.0 0.0
  outer loop
    vertex 61.46943664550781 -14.896836280822754 -3.228181838989258
    vertex 43.92890167236328 -14.896836280822754 -3.228181838989258
    vertex 60.56237030029297 -12.706963539123535 -3.228181838989258
  endloop
endfacet
facet normal 0.0 0.0 0.0
  outer loop
    vertex 60.56237030029297 -12.706963539123535 -3.228181838989258
    vertex 43.92890167236328 -14.896836280822754 -3.228181838989258
    vertex 44.83596420288086 -12.706963539123535 -3.228181838989258
  endloop
endfacet
facet normal 0.0 0.0 0.0
  outer loop
    vertex 60.56237030029297 -12.706963539123535 -3.228181838989258
    vertex 44.83596420288086 -12.706963539123535 -3.228181838989258
    vertex 59.119449615478516 -10.826519966125488 -3.228181838989258
  endloop
endfacet
facet normal 0.0 0.0 0.0
  outer loop
    vertex 59.119449615478516 -10.826519966125488 -3.228181838989258
    vertex 44.83596420288086 -12.706963539123535 -3.228181838989258
    vertex 46.27888488769531 -10.826519966125488 -3.228181838989258
  endloop
endfacet
facet normal 0.0 0.0 0.0
  outer loop
    vertex 59.119449615478516 -10.826519966125488 -3.228181838989258
    vertex 46.27888488769531 -10.826519966125488 -3.228181838989258
    vertex 57.238990783691406 -9.383599281311035 -3.228181838989258
  endloop
endfacet
facet normal 0.0 0.0 0.0
  outer loop
    vertex 57.238990783691406 -9.383599281311035 -3.228181838989258
    vertex 46.27888488769531 -10.826519966125488 -3.228181838989258
    vertex 48.15934371948242 -9.383599281311035 -3.228181838989258
  endloop
endfacet
facet normal 0.0 0.0 0.0
  outer loop
    vertex 57.238990783691406 -9.383599281311035 -3.228181838989258
    vertex 48.15934371948242 -9.383599281311035 -3.228181838989258
    vertex 55.04915237426758 -8.476529121398926 -3.228181838989258
  endloop
endfacet
facet normal 0.0 0.0 0.0
  outer loop
    vertex 55.04915237426758 -8.476529121398926 -3.228181838989258
    vertex 48.15934371948242 -9.383599281311035 -3.228181838989258
    vertex 50.34918212890625 -8.476529121398926 -3.228181838989258
  endloop
endfacet
facet normal 0.0 0.0 0.0
  outer loop
    vertex 55.04915237426758 -8.476529121398926 -3.228181838989258
    vertex 50.34918212890625 -8.476529121398926 -3.228181838989258
    vertex 52.69916915893555 -8.167140007019043 -3.228181838989258
  endloop
endfacet
facet normal 0.0 0.0 0.0
  outer loop
    vertex 43.92890167236328 -19.596778869628906 -3.228181838989258
    vertex 61.46943664550781 -19.596778869628906 -3.228181838989258
    vertex 44.83596420288086 -21.786609649658203 -3.228181838989258
  endloop
endfacet
facet normal 0.0 0.0 0.0
  outer loop
    vertex 44.83596420288086 -21.786609649658203 -3.228181838989258
    vertex 61.46943664550781 -19.596778869628906 -3.228181838989258
    vertex 60.56237030029297 -21.786609649658203 -3.228181838989258
  endloop
endfacet
facet normal 0.0 0.0 0.0
  outer loop
    vertex 44.83596420288086 -21.786609649658203 -3.228181838989258
    vertex 60.56237030029297 -21.786609649658203 -3.228181838989258
    vertex 46.27888488769531 -23.667095184326172 -3.228181838989258
  endloop
endfacet
facet normal 0.0 0.0 0.0
  outer loop
    vertex 46.27888488769531 -23.667095184326172 -3.228181838989258
    vertex 60.56237030029297 -21.786609649658203 -3.228181838989258
    vertex 59.119449615478516 -23.667095184326172 -3.228181838989258
  endloop
endfacet
facet normal 0.0 0.0 0.0
  outer loop
    vertex 46.27888488769531 -23.667095184326172 -3.228181838989258
    vertex 59.119449615478516 -23.667095184326172 -3.228181838989258
    vertex 48.15934371948242 -25.110015869140625 -3.228181838989258
  endloop
endfacet
facet normal 0.0 0.0 0.0
  outer loop
    vertex 48.15934371948242 -25.110015869140625 -3.228181838989258
    vertex 59.119449615478516 -23.667095184326172 -3.228181838989258
    vertex 57.238990783691406 -25.110015869140625 -3.228181838989258
  endloop
endfacet
facet normal 0.0 0.0 0.0
  outer loop
    vertex 48.15934371948242 -25.110015869140625 -3.228181838989258
    vertex 57.238990783691406 -25.110015869140625 -3.228181838989258
    vertex 50.34918212890625 -26.017086029052734 -3.228181838989258
  endloop
endfacet
facet normal 0.0 0.0 0.0
  outer loop
    vertex 50.34918212890625 -26.017086029052734 -3.228181838989258
    vertex 57.238990783691406 -25.110015869140625 -3.228181838989258
    vertex 55.04915237426758 -26.017086029052734 -3.228181838989258
  endloop
endfacet
facet normal 0.0 0.0 0.0
  outer loop
    vertex 50.34918212890625 -26.017086029052734 -3.228181838989258
    vertex 55.04915237426758 -26.017086029052734 -3.228181838989258
    vertex 52.69916915893555 -26.326435089111328 -3.228181838989258
  endloop
endfacet
facet normal 0.0 0.0 0.0
  outer loop
    vertex -16.466373443603516 -18.812931060791016 0.8393301367759705
    vertex -16.466373443603516 -18.812931060791016 4.892744064331055
    vertex -16.046733856201172 -18.868152618408203 0.8393301367759705
  endloop
endfacet
facet normal 0.0 0.0 0.0
  outer loop
    vertex -16.046733856201172 -18.868152618408203 0.8393301367759705
    vertex -16.466373443603516 -18.812931060791016 4.892744064331055
    vertex -16.046733856201172 -18.868152618408203 4.892744064331055
  endloop
endfacet
facet normal 0.0 0.0 0.0
  outer loop
    vertex -16.046733856201172 -18.868152618408203 0.8393301367759705
    vertex -16.046733856201172 -18.868152618408203 4.892744064331055
    vertex -15.627092361450195 -18.812931060791016 0.8393301367759705
  endloop
endfacet
facet normal 0.0 0.0 0.0
  outer loop
    vertex -15.627092361450195 -18.812931060791016 0.8393301367759705
    vertex -16.046733856201172 -18.868152618408203 4.892744064331055
    vertex -15.627092361450195 -18.812931060791016 4.892744064331055
  endloop
endfacet
facet normal 0.0 0.0 0.0
  outer loop
    vertex -15.627092361450195 -18.812931060791016 0.8393301367759705
    vertex -15.627092361450195 -18.812931060791016 4.892744064331055
    vertex -15.236050605773926 -18.650955200195312 0.8393301367759705
  endloop
endfacet
facet normal 0.0 0.0 0.0
  outer loop
    vertex -15.236050605773926 -18.650955200195312 0.8393301367759705
    vertex -15.627092361450195 -18.812931060791016 4.892744064331055
    vertex -15.236050605773926 -18.650955200195312 4.892744064331055
  endloop
endfacet
facet normal 0.0 0.0 0.0
  outer loop
    vertex -15.236050605773926 -18.650955200195312 0.8393301367759705
    vertex -15.236050605773926 -18.650955200195312 4.892744064331055
    vertex -14.900254249572754 -18.39330291748047 0.8393301367759705
  endloop
endfacet
facet normal 0.0 0.0 0.0
  outer loop
    vertex -14.900254249572754 -18.39330291748047 0.8393301367759705
    vertex -15.236050605773926 -18.650955200195312 4.892744064331055
    vertex -14.900254249572754 -18.39330291748047 4.892744064331055
  endloop
endfacet
facet normal 0.0 0.0 0.0
  outer loop
    vertex -14.900254249572754 -18.39330291748047 0.8393301367759705
    vertex -14.900254249572754 -18.39330291748047 4.892744064331055
    vertex -14.642590522766113 -18.05746841430664 0.8393301367759705
  endloop
endfacet
facet normal 0.0 0.0 0.0
  outer loop
    vertex -14.642590522766113 -18.05746841430664 0.8393301367759705
    vertex -14.900254249572754 -18.39330291748047 4.892744064331055
    vertex -14.642590522766113 -18.05746841430664 4.892744064331055
  endloop
endfacet
facet normal 0.0 0.0 0.0
  outer loop
    vertex -14.642590522766113 -18.05746841430664 0.8393301367759705
    vertex -14.642590522766113 -18.05746841430664 4.892744064331055
    vertex -14.480612754821777 -17.666458129882812 0.8393301367759705
  endloop
endfacet
facet normal 0.0 0.0 0.0
  outer loop
    vertex -14.480612754821777 -17.666458129882812 0.8393301367759705
    vertex -14.642590522766113 -18.05746841430664 4.892744064331055
    vertex -14.480612754821777 -17.666458129882812 4.892744064331055
  endloop
endfacet
facet normal 0.0 0.0 0.0
  outer loop
    vertex -14.480612754821777 -17.666458129882812 0.8393301367759705
    vertex -14.480612754821777 -17.666458129882812 4.892744064331055
    vertex -14.425368309020996 -17.246788024902344 0.8393301367759705
  endloop
endfacet
facet normal 0.0 0.0 0.0
  outer loop
    vertex -14.425368309020996 -17.246788024902344 0.8393301367759705
    vertex -14.480612754821777 -17.666458129882812 4.892744064331055
    vertex -14.425368309020996 -17.246788024902344 4.892744064331055
  endloop
endfacet
facet normal 0.0 0.0 0.0
  outer loop
    vertex -14.425368309020996 -17.246788024902344 0.8393301367759705
    vertex -14.425368309020996 -17.246788024902344 4.892744064331055
    vertex -14.480612754821777 -16.82715606689453 0.8393301367759705
  endloop
endfacet
facet normal 0.0 0.0 0.0
  outer loop
    vertex -14.480612754821777 -16.82715606689453 0.8393301367759705
    vertex -14.425368309020996 -17.246788024902344 4.892744064331055
    vertex -14.480612754821777 -16.82715606689453 4.892744064331055
  endloop
endfacet
facet normal 0.0 0.0 0.0
  outer loop
    vertex -14.480612754821777 -16.82715606689453 0.8393301367759705
    vertex -14.480612754821777 -16.82715606689453 4.892744064331055
    vertex -14.642590522766113 -16.43610382080078 0.8393301367759705
  endloop
endfacet
facet normal 0.0 0.0 0.0
  outer loop
    vertex -14.642590522766113 -16.43610382080078 0.8393301367759705
    vertex -14.480612754821777 -16.82715606689453 4.892744064331055
    vertex -14.642590522766113 -16.43610382080078 4.892744064331055
  endloop
endfacet
facet normal 0.0 0.0 0.0
  outer loop
    vertex -14.642590522766113 -16.43610382080078 0.8393301367759705
    vertex -14.642590522766113 -16.43610382080078 4.892744064331055
    vertex -14.900254249572754 -16.100311279296875 0.8393301367759705
  endloop
endfacet
facet normal 0.0 0.0 0.0
  outer loop
    vertex -14.900254249572754 -16.100311279296875 0.8393301367759705
    vertex -14.642590522766113 -16.43610382080078 4.892744064331055
    vertex -14.900254249572754 -16.100311279296875 4.892744064331055
  endloop
endfacet
facet normal 0.0 0.0 0.0
  outer loop
    vertex -14.900254249572754 -16.100311279296875 0.8393301367759705
    vertex -14.900254249572754 -16.100311279296875 4.892744064331055
    vertex -15.236050605773926 -15.842658042907715 0.8393301367759705
  endloop
endfacet
facet normal 0.0 0.0 0.0
  outer loop
    vertex -15.236050605773926 -15.842658042907715 0.8393301367759705
    vertex -14.900254249572754 -16.100311279296875 4.892744064331055
    vertex -15.236050605773926 -15.842658042907715 4.892744064331055
  endloop
endfacet
facet normal 0.0 0.0 0.0
  outer loop
    vertex -15.236050605773926 -15.842658042907715 0.8393301367759705
    vertex -15.236050605773926 -15.842658042907715 4.892744064331055
    vertex -15.627092361450195 -15.680680274963379 0.8393301367759705
  endloop
endfacet
facet normal 0.0 0.0 0.0
  outer loop
    vertex -15.627092361450195 -15.680680274963379 0.8393301367759705
    vertex -15.236050605773926 -15.842658042907715 4.892744064331055
    vertex -15.627092361450195 -15.680680274963379 4.892744064331055
  endloop
endfacet
facet normal 0.0 0.0 0.0
  outer loop
    vertex -15.627092361450195 -15.680680274963379 0.8393301367759705
    vertex -15.627092361450195 -15.680680274963379 4.892744064331055
    vertex -16.046733856201172 -15.625420570373535 0.8393301367759705
  endloop
endfacet
facet normal 0.0 0.0 0.0
  outer loop
    vertex -16.046733856201172 -15.625420570373535 0.8393301367759705
    vertex -15.627092361450195 -15.680680274963379 4.892744064331055
    vertex -16.046733856201172 -15.625420570373535 4.892744064331055
  endloop
endfacet
facet normal 0.0 0.0 0.0
  outer loop
    vertex -16.046733856201172 -15.625420570373535 0.8393301367759705
    vertex -16.046733856201172 -15.625420570373535 4.892744064331055
    vertex -16.466373443603516 -15.680680274963379 0.8393301367759705
  endloop
endfacet
facet normal 0.0 0.0 0.0
  outer loop
    vertex -16.466373443603516 -15.680680274963379 0.8393301367759705
    vertex -16.046733856201172 -15.625420570373535 4.892744064331055
    vertex -16.466373443603516 -15.680680274963379 4.892744064331055
  endloop
endfacet
facet normal 0.0 0.0 0.0
  outer loop
    vertex -16.466373443603516 -15.680680274963379 0.8393301367759705
    vertex -16.466373443603516 -15.680680274963379 4.892744064331055
    vertex -16.8574161529541 -15.842658042907715 0.8393301367759705
  endloop
endfacet
facet normal 0.0 0.0 0.0
  outer loop
    vertex -16.8574161529541 -15.842658042907715 0.8393301367759705
    vertex -16.466373443603516 -15.680680274963379 4.892744064331055
    vertex -16.8574161529541 -15.842658042907715 4.892744064331055
  endloop
endfacet
facet normal 0.0 0.0 0.0
  outer loop
    vertex -16.8574161529541 -15.842658042907715 0.8393301367759705
    vertex -16.8574161529541 -15.842658042907715 4.892744064331055
    vertex -17.193212509155273 -16.100311279296875 0.8393301367759705
  endloop
endfacet
facet normal 0.0 0.0 0.0
  outer loop
    vertex -17.193212509155273 -16.100311279296875 0.8393301367759705
    vertex -16.8574161529541 -15.842658042907715 4.892744064331055
    vertex -17.193212509155273 -16.100311279296875 4.892744064331055
  endloop
endfacet
facet normal 0.0 0.0 0.0
  outer loop
    vertex -17.193212509155273 -16.100311279296875 0.8393301367759705
    vertex -17.193212509155273 -16.100311279296875 4.892744064331055
    vertex -17.450876235961914 -16.43610382080078 0.8393301367759705
  endloop
endfacet
facet normal 0.0 0.0 0.0
  outer loop
    vertex -17.450876235961914 -16.43610382080078 0.8393301367759705
    vertex -17.193212509155273 -16.100311279296875 4.892744064331055
    vertex -17.450876235961914 -16.43610382080078 4.892744064331055
  endloop
endfacet
facet normal 0.0 0.0 0.0
  outer loop
    vertex -17.450876235961914 -16.43610382080078 0.8393301367759705
    vertex -17.450876235961914 -16.43610382080078 4.892744064331055
    vertex -17.61285400390625 -16.82715606689453 0.8393301367759705
  endloop
endfacet
facet normal 0.0 0.0 0.0
  outer loop
    vertex -17.61285400390625 -16.82715606689453 0.8393301367759705
    vertex -17.450876235961914 -16.43610382080078 4.892744064331055
    vertex -17.61285400390625 -16.82715606689453 4.892744064331055
  endloop
endfacet
facet normal 0.0 0.0 0.0
  outer loop
    vertex -17.61285400390625 -16.82715606689453 0.8393301367759705
    vertex -17.61285400390625 -16.82715606689453 4.892744064331055
    vertex -17.66809844970703 -17.246788024902344 0.8393301367759705
  endloop
endfacet
facet normal 0.0 0.0 0.0
  outer loop
    vertex -17.66809844970703 -17.246788024902344 0.8393301367759705
    vertex -17.61285400390625 -16.82715606689453 4.892744064331055
    vertex -17.66809844970703 -17.246788024902344 4.892744064331055
  endloop
endfacet
facet normal 0.0 0.0 0.0
  outer loop
    vertex -17.66809844970703 -17.246788024902344 0.8393301367759705
    vertex -17.66809844970703 -17.246788024902344 4.892744064331055
    vertex -17.61285400390625 -17.666458129882812 0.8393301367759705
  endloop
endfacet
facet normal 0.0 0.0 0.0
  outer loop
    vertex -17.61285400390625 -17.666458129882812 0.8393301367759705
    vertex -17.66809844970703 -17.246788024902344 4.892744064331055
    vertex -17.61285400390625 -17.666458129882812 4.892744064331055
  endloop
endfacet
facet normal 0.0 0.0 0.0
  outer loop
    vertex -17.61285400390625 -17.666458129882812 0.8393301367759705
    vertex -17.61285400390625 -17.666458129882812 4.892744064331055
    vertex -17.450876235961914 -18.05746841430664 0.8393301367759705
  endloop
endfacet
facet normal 0.0 0.0 0.0
  outer loop
    vertex -17.450876235961914 -18.05746841430664 0.8393301367759705
    vertex -17.61285400390625 -17.666458129882812 4.892744064331055
    vertex -17.450876235961914 -18.05746841430664 4.892744064331055
  endloop
endfacet
facet normal 0.0 0.0 0.0
  outer loop
    vertex -17.450876235961914 -18.05746841430664 0.8393301367759705
    vertex -17.450876235961914 -18.05746841430664 4.892744064331055
    vertex -17.193212509155273 -18.39330291748047 0.8393301367759705
  endloop
endfacet
facet normal 0.0 0.0 0.0
  outer loop
    vertex -17.193212509155273 -18.39330291748047 0.8393301367759705
    vertex -17.450876235961914 -18.05746841430664 4.892744064331055
    vertex -17.193212509155273 -18.39330291748047 4.892744064331055
  endloop
endfacet
facet normal 0.0 0.0 0.0
  outer loop
    vertex -17.193212509155273 -18.39330291748047 0.8393301367759705
    vertex -17.193212509155273 -18.39330291748047 4.892744064331055
    vertex -16.8574161529541 -18.650955200195312 0.8393301367759705
  endloop
endfacet
facet normal 0.0 0.0 0.0
  outer loop
    vertex -16.8574161529541 -18.650955200195312 0.8393301367759705
    vertex -17.193212509155273 -18.39330291748047 4.892744064331055
    vertex -16.8574161529541 -18.650955200195312 4.892744064331055
  endloop
endfacet
facet normal 0.0 0.0 0.0
  outer loop
    vertex -16.8574161529541 -18.650955200195312 0.8393301367759705
    vertex -16.8574161529541 -18.650955200195312 4.892744064331055
    vertex -16.466373443603516 -18.812931060791016 0.8393301367759705
  endloop
endfacet
facet normal 0.0 0.0 0.0
  outer loop
    vertex -16.466373443603516 -18.812931060791016 0.8393301367759705
    vertex -16.8574161529541 -18.650955200195312 4.892744064331055
    vertex -16.466373443603516 -18.812931060791016 4.892744064331055
  endloop
endfacet
facet normal 0.0 0.0 0.0
  outer loop
    vertex -16.046733856201172 -18.868152618408203 0.8393301367759705
    vertex -15.627092361450195 -18.812931060791016 0.8393301367759705
    vertex -16.466373443603516 -18.812931060791016 0.8393301367759705
  endloop
endfacet
facet normal 0.0 0.0 0.0
  outer loop
    vertex -16.466373443603516 -18.812931060791016 0.8393301367759705
    vertex -15.627092361450195 -18.812931060791016 0.8393301367759705
    vertex -16.8574161529541 -18.650955200195312 0.8393301367759705
  endloop
endfacet
facet normal 0.0 0.0 0.0
  outer loop
    vertex -16.8574161529541 -18.650955200195312 0.8393301367759705
    vertex -15.627092361450195 -18.812931060791016 0.8393301367759705
    vertex -15.236050605773926 -18.650955200195312 0.8393301367759705
  endloop
endfacet
facet normal 0.0 0.0 0.0
  outer loop
    vertex -16.8574161529541 -18.650955200195312 0.8393301367759705
    vertex -15.236050605773926 -18.650955200195312 0.8393301367759705
    vertex -17.193212509155273 -18.39330291748047 0.8393301367759705
  endloop
endfacet
facet normal 0.0 0.0 0.0
  outer loop
    vertex -17.193212509155273 -18.39330291748047 0.8393301367759705
    vertex -15.236050605773926 -18.650955200195312 0.8393301367759705
    vertex -14.900254249572754 -18.39330291748047 0.8393301367759705
  endloop
endfacet
facet normal 0.0 0.0 0.0
  outer loop
    vertex -17.193212509155273 -18.39330291748047 0.8393301367759705
    vertex -14.900254249572754 -18.39330291748047 0.8393301367759705
    vertex -17.450876235961914 -18.05746841430664 0.8393301367759705
  endloop
endfacet
facet normal 0.0 0.0 0.0
  outer loop
    vertex -17.450876235961914 -18.05746841430664 0.8393301367759705
    vertex -14.900254249572754 -18.39330291748047 0.8393301367759705
    vertex -14.642590522766113 -18.05746841430664 0.8393301367759705
  endloop
endfacet
facet normal 0.0 0.0 0.0
  outer loop
    vertex -17.450876235961914 -18.05746841430664 0.8393301367759705
    vertex -14.642590522766113 -18.05746841430664 0.8393301367759705
    vertex -17.61285400390625 -17.666458129882812 0.8393301367759705
  endloop
endfacet
facet normal 0.0 0.0 0.0
  outer loop
    vertex -17.61285400390625 -17.666458129882812 0.8393301367759705
    vertex -14.642590522766113 -18.05746841430664 0.8393301367759705
    vertex -14.480612754821777 -17.666458129882812 0.8393301367759705
  endloop
endfacet
facet normal 0.0 0.0 0.0
  outer loop
    vertex -17.61285400390625 -17.666458129882812 0.8393301367759705
    vertex -14.480612754821777 -17.666458129882812 0.8393301367759705
    vertex -17.66809844970703 -17.246788024902344 0.8393301367759705
  endloop
endfacet
facet normal 0.0 0.0 0.0
  outer loop
    vertex -17.66809844970703 -17.246788024902344 0.8393301367759705
    vertex -14.480612754821777 -17.666458129882812 0.8393301367759705
    vertex -14.425368309020996 -17.246788024902344 0.8393301367759705
  endloop
endfacet
facet normal 0.0 0.0 0.0
  outer loop
    vertex -17.66809844970703 -17.246788024902344 0.8393301367759705
    vertex -14.425368309020996 -17.246788024902344 0.8393301367759705
    vertex -17.61285400390625 -16.82715606689453 0.8393301367759705
  endloop
endfacet
facet normal 0.0 0.0 0.0
  outer loop
    vertex -17.61285400390625 -16.82715606689453 0.8393301367759705
    vertex -14.425368309020996 -17.246788024902344 0.8393301367759705
    vertex -14.480612754821777 -16.82715606689453 0.8393301367759705
  endloop
endfacet
facet normal 0.0 0.0 0.0
  outer loop
    vertex -17.61285400390625 -16.82715606689453 0.8393301367759705
    vertex -14.480612754821777 -16.82715606689453 0.8393301367759705
    vertex -17.450876235961914 -16.43610382080078 0.8393301367759705
  endloop
endfacet
facet normal 0.0 0.0 0.0
  outer loop
    vertex -17.450876235961914 -16.43610382080078 0.8393301367759705
    vertex -14.480612754821777 -16.82715606689453 0.8393301367759705
    vertex -14.642590522766113 -16.43610382080078 0.8393301367759705
  endloop
endfacet
facet normal 0.0 0.0 0.0
  outer loop
    vertex -17.450876235961914 -16.43610382080078 0.8393301367759705
    vertex -14.642590522766113 -16.43610382080078 0.8393301367759705
    vertex -17.193212509155273 -16.100311279296875 0.8393301367759705
  endloop
endfacet
facet normal 0.0 0.0 0.0
  outer loop
    vertex -17.193212509155273 -16.100311279296875 0.8393301367759705
    vertex -14.642590522766113 -16.43610382080078 0.8393301367759705
    vertex -14.900254249572754 -16.100311279296875 0.8393301367759705
  endloop
endfacet
facet normal 0.0 0.0 0.0
  outer loop
    vertex -17.193212509155273 -16.100311279296875 0.8393301367759705
    vertex -14.900254249572754 -16.100311279296875 0.8393301367759705
    vertex -16.8574161529541 -15.842658042907715 0.8393301367759705
  endloop
endfacet
facet normal 0.0 0.0 0.0
  outer loop
    vertex -16.8574161529541 -15.842658042907715 0.8393301367759705
    vertex -14.900254249572754 -16.100311279296875 0.8393301367759705
    vertex -15.236050605773926 -15.842658042907715 0.8393301367759705
  endloop
endfacet
facet normal 0.0 0.0 0.0
  outer loop
    vertex -16.8574161529541 -15.842658042907715 0.8393301367759705
    vertex -15.236050605773926 -15.842658042907715 0.8393301367759705
    vertex -16.466373443603516 -15.680680274963379 0.8393301367759705
  endloop
endfacet
facet normal 0.0 0.0 0.0
  outer loop
    vertex -16.466373443603516 -15.680680274963379 0.8393301367759705
    vertex -15.236050605773926 -15.842658042907715 0.8393301367759705
    vertex -15.627092361450195 -15.680680274963379 0.8393301367759705
  endloop
endfacet
facet normal 0.0 0.0 0.0
  outer loop
    vertex -16.466373443603516 -15.680680274963379 0.8393301367759705
    vertex -15.627092361450195 -15.680680274963379 0.8393301367759705
    vertex -16.046733856201172 -15.625420570373535 0.8393301367759705
  endloop
endfacet
facet normal 0.0 0.0 0.0
  outer loop
    vertex -6.9670867919921875 -17.246788024902344 4.892744064331055
    vertex -6.9670867919921875 -17.246788024902344 -3.214083671569824
    vertex -7.276466369628906 -14.896836280822754 4.892744064331055
  endloop
endfacet
facet normal 0.0 0.0 0.0
  outer loop
    vertex -7.276466369628906 -14.896836280822754 4.892744064331055
    vertex -6.9670867919921875 -17.246788024902344 -3.214083671569824
    vertex -7.276466369628906 -14.896836280822754 -3.214083671569824
  endloop
endfacet
facet normal 0.0 0.0 0.0
  outer loop
    vertex -7.276466369628906 -14.896836280822754 4.892744064331055
    vertex -7.276466369628906 -14.896836280822754 -3.214083671569824
    vertex -8.183530807495117 -12.706963539123535 4.892744064331055
  endloop
endfacet
facet normal 0.0 0.0 0.0
  outer loop
    vertex -8.183530807495117 -12.706963539123535 4.892744064331055
    vertex -7.276466369628906 -14.896836280822754 -3.214083671569824
    vertex -8.183530807495117 -12.706963539123535 -3.214083671569824
  endloop
endfacet
facet normal 0.0 0.0 0.0
  outer loop
    vertex -8.183530807495117 -12.706963539123535 4.892744064331055
    vertex -8.183530807495117 -12.706963539123535 -3.214083671569824
    vertex -9.62645149230957 -10.826519966125488 4.892744064331055
  endloop
endfacet
facet normal 0.0 0.0 0.0
  outer loop
    vertex -9.62645149230957 -10.826519966125488 4.892744064331055
    vertex -8.183530807495117 -12.706963539123535 -3.214083671569824
    vertex -9.62645149230957 -10.826519966125488 -3.214083671569824
  endloop
endfacet
facet normal 0.0 0.0 0.0
  outer loop
    vertex -9.62645149230957 -10.826519966125488 4.892744064331055
    vertex -9.62645149230957 -10.826519966125488 -3.214083671569824
    vertex -11.50691032409668 -9.383599281311035 4.892744064331055
  endloop
endfacet
facet normal 0.0 0.0 0.0
  outer loop
    vertex -11.50691032409668 -9.383599281311035 4.892744064331055
    vertex -9.62645149230957 -10.826519966125488 -3.214083671569824
    vertex -11.50691032409668 -9.383599281311035 -3.214083671569824
  endloop
endfacet
facet normal 0.0 0.0 0.0
  outer loop
    vertex -11.50691032409668 -9.383599281311035 4.892744064331055
    vertex -11.50691032409668 -9.383599281311035 -3.214083671569824
    vertex -13.696747779846191 -8.476529121398926 4.892744064331055
  endloop
endfacet
facet normal 0.0 0.0 0.0
  outer loop
    vertex -13.696747779846191 -8.476529121398926 4.892744064331055
    vertex -11.50691032409668 -9.383599281311035 -3.214083671569824
    vertex -13.696747779846191 -8.476529121398926 -3.214083671569824
  endloop
endfacet
facet normal 0.0 0.0 0.0
  outer loop
    vertex -13.696747779846191 -8.476529121398926 4.892744064331055
    vertex -13.696747779846191 -8.476529121398926 -3.214083671569824
    vertex -16.046733856201172 -8.167140007019043 4.892744064331055
  endloop
endfacet
facet normal 0.0 0.0 0.0
  outer loop
    vertex -16.046733856201172 -8.167140007019043 4.892744064331055
    vertex -13.696747779846191 -8.476529121398926 -3.214083671569824
    vertex -16.046733856201172 -8.167140007019043 -3.214083671569824
  endloop
endfacet
facet normal 0.0 0.0 0.0
  outer loop
    vertex -16.046733856201172 -8.167140007019043 4.892744064331055
    vertex -16.046733856201172 -8.167140007019043 -3.214083671569824
    vertex -18.396718978881836 -8.476529121398926 4.892744064331055
  endloop
endfacet
facet normal 0.0 0.0 0.0
  outer loop
    vertex -18.396718978881836 -8.476529121398926 4.892744064331055
    vertex -16.046733856201172 -8.167140007019043 -3.214083671569824
    vertex -18.396718978881836 -8.476529121398926 -3.214083671569824
  endloop
endfacet
facet normal 0.0 0.0 0.0
  outer loop
    vertex -18.396718978881836 -8.476529121398926 4.892744064331055
    vertex -18.396718978881836 -8.476529121398926 -3.214083671569824
    vertex -20.586557388305664 -9.383599281311035 4.892744064331055
  endloop
endfacet
facet normal 0.0 0.0 0.0
  outer loop
    vertex -20.586557388305664 -9.383599281311035 4.892744064331055
    vertex -18.396718978881836 -8.476529121398926 -3.214083671569824
    vertex -20.586557388305664 -9.383599281311035 -3.214083671569824
  endloop
endfacet
facet normal 0.0 0.0 0.0
  outer loop
    vertex -20.586557388305664 -9.383599281311035 4.892744064331055
    vertex -20.586557388305664 -9.383599281311035 -3.214083671569824
    vertex -22.467010498046875 -10.826519966125488 4.892744064331055
  endloop
endfacet
facet normal 0.0 0.0 0.0
  outer loop
    vertex -22.467010498046875 -10.826519966125488 4.892744064331055
    vertex -20.586557388305664 -9.383599281311035 -3.214083671569824
    vertex -22.467010498046875 -10.826519966125488 -3.214083671569824
  endloop
endfacet
facet normal 0.0 0.0 0.0
  outer loop
    vertex -22.467010498046875 -10.826519966125488 4.892744064331055
    vertex -22.467010498046875 -10.826519966125488 -3.214083671569824
    vertex -23.909940719604492 -12.706963539123535 4.892744064331055
  endloop
endfacet
facet normal 0.0 0.0 0.0
  outer loop
    vertex -23.909940719604492 -12.706963539123535 4.892744064331055
    vertex -22.467010498046875 -10.826519966125488 -3.214083671569824
    vertex -23.909940719604492 -12.706963539123535 -3.214083671569824
  endloop
endfacet
facet normal 0.0 0.0 0.0
  outer loop
    vertex -23.909940719604492 -12.706963539123535 4.892744064331055
    vertex -23.909940719604492 -12.706963539123535 -3.214083671569824
    vertex -24.817001342773438 -14.896836280822754 4.892744064331055
  endloop
endfacet
facet normal 0.0 0.0 0.0
  outer loop
    vertex -24.817001342773438 -14.896836280822754 4.892744064331055
    vertex -23.909940719604492 -12.706963539123535 -3.214083671569824
    vertex -24.817001342773438 -14.896836280822754 -3.214083671569824
  endloop
endfacet
facet normal 0.0 0.0 0.0
  outer loop
    vertex -24.817001342773438 -14.896836280822754 4.892744064331055
    vertex -24.817001342773438 -14.896836280822754 -3.214083671569824
    vertex -25.126380920410156 -17.246788024902344 4.892744064331055
  endloop
endfacet
facet normal 0.0 0.0 0.0
  outer loop
    vertex -25.126380920410156 -17.246788024902344 4.892744064331055
    vertex -24.817001342773438 -14.896836280822754 -3.214083671569824
    vertex -25.126380920410156 -17.246788024902344 -3.214083671569824
  endloop
endfacet
facet normal 0.0 0.0 0.0
  outer loop
    vertex -25.126380920410156 -17.246788024902344 4.892744064331055
    vertex -25.126380920410156 -17.246788024902344 -3.214083671569824
    vertex -24.817001342773438 -19.596778869628906 4.892744064331055
  endloop
endfacet
facet normal 0.0 0.0 0.0
  outer loop
    vertex -24.817001342773438 -19.596778869628906 4.892744064331055
    vertex -25.126380920410156 -17.246788024902344 -3.214083671569824
    vertex -24.817001342773438 -19.596778869628906 -3.214083671569824
  endloop
endfacet
facet normal 0.0 0.0 0.0
  outer loop
    vertex -24.817001342773438 -19.596778869628906 4.892744064331055
    vertex -24.817001342773438 -19.596778869628906 -3.214083671569824
    vertex -23.909940719604492 -21.786609649658203 4.892744064331055
  endloop
endfacet
facet normal 0.0 0.0 0.0
  outer loop
    vertex -23.909940719604492 -21.786609649658203 4.892744064331055
    vertex -24.817001342773438 -19.596778869628906 -3.214083671569824
    vertex -23.909940719604492 -21.786609649658203 -3.214083671569824
  endloop
endfacet
facet normal 0.0 0.0 0.0
  outer loop
    vertex -23.909940719604492 -21.786609649658203 4.892744064331055
    vertex -23.909940719604492 -21.786609649658203 -3.214083671569824
    vertex -22.467010498046875 -23.667095184326172 4.892744064331055
  endloop
endfacet
facet normal 0.0 0.0 0.0
  outer loop
    vertex -22.467010498046875 -23.667095184326172 4.892744064331055
    vertex -23.909940719604492 -21.786609649658203 -3.214083671569824
    vertex -22.467010498046875 -23.667095184326172 -3.214083671569824
  endloop
endfacet
facet normal 0.0 0.0 0.0
  outer loop
    vertex -22.467010498046875 -23.667095184326172 4.892744064331055
    vertex -22.467010498046875 -23.667095184326172 -3.214083671569824
    vertex -20.586557388305664 -25.110015869140625 4.892744064331055
  endloop
endfacet
facet normal 0.0 0.0 0.0
  outer loop
    vertex -20.586557388305664 -25.110015869140625 4.892744064331055
    vertex -22.467010498046875 -23.667095184326172 -3.214083671569824
    vertex -20.586557388305664 -25.110015869140625 -3.214083671569824
  endloop
endfacet
facet normal 0.0 0.0 0.0
  outer loop
    vertex -20.586557388305664 -25.110015869140625 4.892744064331055
    vertex -20.586557388305664 -25.110015869140625 -3.214083671569824
    vertex -18.396718978881836 -26.017086029052734 4.892744064331055
  endloop
endfacet
facet normal 0.0 0.0 0.0
  outer loop
    vertex -18.396718978881836 -26.017086029052734 4.892744064331055
    vertex -20.586557388305664 -25.110015869140625 -3.214083671569824
    vertex -18.396718978881836 -26.017086029052734 -3.214083671569824
  endloop
endfacet
facet normal 0.0 0.0 0.0
  outer loop
    vertex -18.396718978881836 -26.017086029052734 4.892744064331055
    vertex -18.396718978881836 -26.017086029052734 -3.214083671569824
    vertex -16.046733856201172 -26.326435089111328 4.892744064331055
  endloop
endfacet
facet normal 0.0 0.0 0.0
  outer loop
    vertex -16.046733856201172 -26.326435089111328 4.892744064331055
    vertex -18.396718978881836 -26.017086029052734 -3.214083671569824
    vertex -16.046733856201172 -26.326435089111328 -3.214083671569824
  endloop
endfacet
facet normal 0.0 0.0 0.0
  outer loop
    vertex -16.046733856201172 -26.326435089111328 4.892744064331055
    vertex -16.046733856201172 -26.326435089111328 -3.214083671569824
    vertex -13.696747779846191 -26.017086029052734 4.892744064331055
  endloop
endfacet
facet normal 0.0 0.0 0.0
  outer loop
    vertex -13.696747779846191 -26.017086029052734 4.892744064331055
    vertex -16.046733856201172 -26.326435089111328 -3.214083671569824
    vertex -13.696747779846191 -26.017086029052734 -3.214083671569824
  endloop
endfacet
facet normal 0.0 0.0 0.0
  outer loop
    vertex -13.696747779846191 -26.017086029052734 4.892744064331055
    vertex -13.696747779846191 -26.017086029052734 -3.214083671569824
    vertex -11.50691032409668 -25.110015869140625 4.892744064331055
  endloop
endfacet
facet normal 0.0 0.0 0.0
  outer loop
    vertex -11.50691032409668 -25.110015869140625 4.892744064331055
    vertex -13.696747779846191 -26.017086029052734 -3.214083671569824
    vertex -11.50691032409668 -25.110015869140625 -3.214083671569824
  endloop
endfacet
facet normal 0.0 0.0 0.0
  outer loop
    vertex -11.50691032409668 -25.110015869140625 4.892744064331055
    vertex -11.50691032409668 -25.110015869140625 -3.214083671569824
    vertex -9.62645149230957 -23.667095184326172 4.892744064331055
  endloop
endfacet
facet normal 0.0 0.0 0.0
  outer loop
    vertex -9.62645149230957 -23.667095184326172 4.892744064331055
    vertex -11.50691032409668 -25.110015869140625 -3.214083671569824
    vertex -9.62645149230957 -23.667095184326172 -3.214083671569824
  endloop
endfacet
facet normal 0.0 0.0 0.0
  outer loop
    vertex -9.62645149230957 -23.667095184326172 4.892744064331055
    vertex -9.62645149230957 -23.667095184326172 -3.214083671569824
    vertex -8.183530807495117 -21.786609649658203 4.892744064331055
  endloop
endfacet
facet normal 0.0 0.0 0.0
  outer loop
    vertex -8.183530807495117 -21.786609649658203 4.892744064331055
    vertex -9.62645149230957 -23.667095184326172 -3.214083671569824
    vertex -8.183530807495117 -21.786609649658203 -3.214083671569824
  endloop
endfacet
facet normal 0.0 0.0 0.0
  outer loop
    vertex -8.183530807495117 -21.786609649658203 4.892744064331055
    vertex -8.183530807495117 -21.786609649658203 -3.214083671569824
    vertex -7.276466369628906 -19.596778869628906 4.892744064331055
  endloop
endfacet
facet normal 0.0 0.0 0.0
  outer loop
    vertex -7.276466369628906 -19.596778869628906 4.892744064331055
    vertex -8.183530807495117 -21.786609649658203 -3.214083671569824
    vertex -7.276466369628906 -19.596778869628906 -3.214083671569824
  endloop
endfacet
facet normal 0.0 0.0 0.0
  outer loop
    vertex -7.276466369628906 -19.596778869628906 4.892744064331055
    vertex -7.276466369628906 -19.596778869628906 -3.214083671569824
    vertex -6.9670867919921875 -17.246788024902344 4.892744064331055
  endloop
endfacet
facet normal 0.0 0.0 0.0
  outer loop
    vertex -6.9670867919921875 -17.246788024902344 4.892744064331055
    vertex -7.276466369628906 -19.596778869628906 -3.214083671569824
    vertex -6.9670867919921875 -17.246788024902344 -3.214083671569824
  endloop
endfacet
facet normal 0.0 0.0 0.0
  outer loop
    vertex -16.466373443603516 -18.812931060791016 4.892744064331055
    vertex -18.396718978881836 -26.017086029052734 4.892744064331055
    vertex -16.046733856201172 -18.868152618408203 4.892744064331055
  endloop
endfacet
facet normal 0.0 0.0 0.0
  outer loop
    vertex -16.046733856201172 -18.868152618408203 4.892744064331055
    vertex -18.396718978881836 -26.017086029052734 4.892744064331055
    vertex -16.046733856201172 -26.326435089111328 4.892744064331055
  endloop
endfacet
facet normal 0.0 0.0 0.0
  outer loop
    vertex -16.046733856201172 -18.868152618408203 4.892744064331055
    vertex -16.046733856201172 -26.326435089111328 4.892744064331055
    vertex -13.696747779846191 -26.017086029052734 4.892744064331055
  endloop
endfacet
facet normal 0.0 0.0 0.0
  outer loop
    vertex -18.396718978881836 -26.017086029052734 4.892744064331055
    vertex -16.466373443603516 -18.812931060791016 4.892744064331055
    vertex -20.586557388305664 -25.110015869140625 4.892744064331055
  endloop
endfacet
facet normal 0.0 0.0 0.0
  outer loop
    vertex -20.586557388305664 -25.110015869140625 4.892744064331055
    vertex -16.466373443603516 -18.812931060791016 4.892744064331055
    vertex -16.8574161529541 -18.650955200195312 4.892744064331055
  endloop
endfacet
facet normal 0.0 0.0 0.0
  outer loop
    vertex -20.586557388305664 -25.110015869140625 4.892744064331055
    vertex -16.8574161529541 -18.650955200195312 4.892744064331055
    vertex -22.467010498046875 -23.667095184326172 4.892744064331055
  endloop
endfacet
facet normal 0.0 0.0 0.0
  outer loop
    vertex -22.467010498046875 -23.667095184326172 4.892744064331055
    vertex -16.8574161529541 -18.650955200195312 4.892744064331055
    vertex -17.193212509155273 -18.39330291748047 4.892744064331055
  endloop
endfacet
facet normal 0.0 0.0 0.0
  outer loop
    vertex -22.467010498046875 -23.667095184326172 4.892744064331055
    vertex -17.193212509155273 -18.39330291748047 4.892744064331055
    vertex -23.909940719604492 -21.786609649658203 4.892744064331055
  endloop
endfacet
facet normal 0.0 0.0 0.0
  outer loop
    vertex -23.909940719604492 -21.786609649658203 4.892744064331055
    vertex -17.193212509155273 -18.39330291748047 4.892744064331055
    vertex -17.450876235961914 -18.05746841430664 4.892744064331055
  endloop
endfacet
facet normal 0.0 0.0 0.0
  outer loop
    vertex -23.909940719604492 -21.786609649658203 4.892744064331055
    vertex -17.450876235961914 -18.05746841430664 4.892744064331055
    vertex -24.817001342773438 -19.596778869628906 4.892744064331055
  endloop
endfacet
facet normal 0.0 0.0 0.0
  outer loop
    vertex -24.817001342773438 -19.596778869628906 4.892744064331055
    vertex -17.450876235961914 -18.05746841430664 4.892744064331055
    vertex -17.61285400390625 -17.666458129882812 4.892744064331055
  endloop
endfacet
facet normal 0.0 0.0 0.0
  outer loop
    vertex -24.817001342773438 -19.596778869628906 4.892744064331055
    vertex -17.61285400390625 -17.666458129882812 4.892744064331055
    vertex -25.126380920410156 -17.246788024902344 4.892744064331055
  endloop
endfacet
facet normal 0.0 0.0 0.0
  outer loop
    vertex -25.126380920410156 -17.246788024902344 4.892744064331055
    vertex -17.61285400390625 -17.666458129882812 4.892744064331055
    vertex -17.66809844970703 -17.246788024902344 4.892744064331055
  endloop
endfacet
facet normal 0.0 0.0 0.0
  outer loop
    vertex -25.126380920410156 -17.246788024902344 4.892744064331055
    vertex -17.66809844970703 -17.246788024902344 4.892744064331055
    vertex -17.61285400390625 -16.82715606689453 4.892744064331055
  endloop
endfacet
facet normal 0.0 0.0 0.0
  outer loop
    vertex -25.126380920410156 -17.246788024902344 4.892744064331055
    vertex -17.61285400390625 -16.82715606689453 4.892744064331055
    vertex -24.817001342773438 -14.896836280822754 4.892744064331055
  endloop
endfacet
facet normal 0.0 0.0 0.0
  outer loop
    vertex -24.817001342773438 -14.896836280822754 4.892744064331055
    vertex -17.61285400390625 -16.82715606689453 4.892744064331055
    vertex -17.450876235961914 -16.43610382080078 4.892744064331055
  endloop
endfacet
facet normal 0.0 0.0 0.0
  outer loop
    vertex -24.817001342773438 -14.896836280822754 4.892744064331055
    vertex -17.450876235961914 -16.43610382080078 4.892744064331055
    vertex -23.909940719604492 -12.706963539123535 4.892744064331055
  endloop
endfacet
facet normal 0.0 0.0 0.0
  outer loop
    vertex -23.909940719604492 -12.706963539123535 4.892744064331055
    vertex -17.450876235961914 -16.43610382080078 4.892744064331055
    vertex -17.193212509155273 -16.100311279296875 4.892744064331055
  endloop
endfacet
facet normal 0.0 0.0 0.0
  outer loop
    vertex -23.909940719604492 -12.706963539123535 4.892744064331055
    vertex -17.193212509155273 -16.100311279296875 4.892744064331055
    vertex -22.467010498046875 -10.826519966125488 4.892744064331055
  endloop
endfacet
facet normal 0.0 0.0 0.0
  outer loop
    vertex -22.467010498046875 -10.826519966125488 4.892744064331055
    vertex -17.193212509155273 -16.100311279296875 4.892744064331055
    vertex -16.8574161529541 -15.842658042907715 4.892744064331055
  endloop
endfacet
facet normal 0.0 0.0 0.0
  outer loop
    vertex -22.467010498046875 -10.826519966125488 4.892744064331055
    vertex -16.8574161529541 -15.842658042907715 4.892744064331055
    vertex -20.586557388305664 -9.383599281311035 4.892744064331055
  endloop
endfacet
facet normal 0.0 0.0 0.0
  outer loop
    vertex -20.586557388305664 -9.383599281311035 4.892744064331055
    vertex -16.8574161529541 -15.842658042907715 4.892744064331055
    vertex -16.466373443603516 -15.680680274963379 4.892744064331055
  endloop
endfacet
facet normal 0.0 0.0 0.0
  outer loop
    vertex -20.586557388305664 -9.383599281311035 4.892744064331055
    vertex -16.466373443603516 -15.680680274963379 4.892744064331055
    vertex -18.396718978881836 -8.476529121398926 4.892744064331055
  endloop
endfacet
facet normal 0.0 0.0 0.0
  outer loop
    vertex -18.396718978881836 -8.476529121398926 4.892744064331055
    vertex -16.466373443603516 -15.680680274963379 4.892744064331055
    vertex -16.046733856201172 -15.625420570373535 4.892744064331055
  endloop
endfacet
facet normal 0.0 0.0 0.0
  outer loop
    vertex -18.396718978881836 -8.476529121398926 4.892744064331055
    vertex -16.046733856201172 -15.625420570373535 4.892744064331055
    vertex -16.046733856201172 -8.167140007019043 4.892744064331055
  endloop
endfacet
facet normal 0.0 0.0 0.0
  outer loop
    vertex -16.046733856201172 -8.167140007019043 4.892744064331055
    vertex -16.046733856201172 -15.625420570373535 4.892744064331055
    vertex -13.696747779846191 -8.476529121398926 4.892744064331055
  endloop
endfacet
facet normal 0.0 0.0 0.0
  outer loop
    vertex -13.696747779846191 -8.476529121398926 4.892744064331055
    vertex -16.046733856201172 -15.625420570373535 4.892744064331055
    vertex -15.627092361450195 -15.680680274963379 4.892744064331055
  endloop
endfacet
facet normal 0.0 0.0 0.0
  outer loop
    vertex -13.696747779846191 -8.476529121398926 4.892744064331055
    vertex -15.627092361450195 -15.680680274963379 4.892744064331055
    vertex -11.50691032409668 -9.383599281311035 4.892744064331055
  endloop
endfacet
facet normal 0.0 0.0 0.0
  outer loop
    vertex -11.50691032409668 -9.383599281311035 4.892744064331055
    vertex -15.627092361450195 -15.680680274963379 4.892744064331055
    vertex -15.236050605773926 -15.842658042907715 4.892744064331055
  endloop
endfacet
facet normal 0.0 0.0 0.0
  outer loop
    vertex -11.50691032409668 -9.383599281311035 4.892744064331055
    vertex -15.236050605773926 -15.842658042907715 4.892744064331055
    vertex -9.62645149230957 -10.826519966125488 4.892744064331055
  endloop
endfacet
facet normal 0.0 0.0 0.0
  outer loop
    vertex -9.62645149230957 -10.826519966125488 4.892744064331055
    vertex -15.236050605773926 -15.842658042907715 4.892744064331055
    vertex -14.900254249572754 -16.100311279296875 4.892744064331055
  endloop
endfacet
facet normal 0.0 0.0 0.0
  outer loop
    vertex -9.62645149230957 -10.826519966125488 4.892744064331055
    vertex -14.900254249572754 -16.100311279296875 4.892744064331055
    vertex -8.183530807495117 -12.706963539123535 4.892744064331055
  endloop
endfacet
facet normal 0.0 0.0 0.0
  outer loop
    vertex -8.183530807495117 -12.706963539123535 4.892744064331055
    vertex -14.900254249572754 -16.100311279296875 4.892744064331055
    vertex -14.642590522766113 -16.43610382080078 4.892744064331055
  endloop
endfacet
facet normal 0.0 0.0 0.0
  outer loop
    vertex -8.183530807495117 -12.706963539123535 4.892744064331055
    vertex -14.642590522766113 -16.43610382080078 4.892744064331055
    vertex -7.276466369628906 -14.896836280822754 4.892744064331055
  endloop
endfacet
facet normal 0.0 0.0 0.0
  outer loop
    vertex -7.276466369628906 -14.896836280822754 4.892744064331055
    vertex -14.642590522766113 -16.43610382080078 4.892744064331055
    vertex -14.480612754821777 -16.82715606689453 4.892744064331055
  endloop
endfacet
facet normal 0.0 0.0 0.0
  outer loop
    vertex -7.276466369628906 -14.896836280822754 4.892744064331055
    vertex -14.480612754821777 -16.82715606689453 4.892744064331055
    vertex -6.9670867919921875 -17.246788024902344 4.892744064331055
  endloop
endfacet
facet normal 0.0 0.0 0.0
  outer loop
    vertex -6.9670867919921875 -17.246788024902344 4.892744064331055
    vertex -14.480612754821777 -16.82715606689453 4.892744064331055
    vertex -14.425368309020996 -17.246788024902344 4.892744064331055
  endloop
endfacet
facet normal 0.0 0.0 0.0
  outer loop
    vertex -6.9670867919921875 -17.246788024902344 4.892744064331055
    vertex -14.425368309020996 -17.246788024902344 4.892744064331055
    vertex -7.276466369628906 -19.596778869628906 4.892744064331055
  endloop
endfacet
facet normal 0.0 0.0 0.0
  outer loop
    vertex -7.276466369628906 -19.596778869628906 4.892744064331055
    vertex -14.425368309020996 -17.246788024902344 4.892744064331055
    vertex -14.480612754821777 -17.666458129882812 4.892744064331055
  endloop
endfacet
facet normal 0.0 0.0 0.0
  outer loop
    vertex -7.276466369628906 -19.596778869628906 4.892744064331055
    vertex -14.480612754821777 -17.666458129882812 4.892744064331055
    vertex -14.642590522766113 -18.05746841430664 4.892744064331055
  endloop
endfacet
facet normal 0.0 0.0 0.0
  outer loop
    vertex -7.276466369628906 -19.596778869628906 4.892744064331055
    vertex -14.642590522766113 -18.05746841430664 4.892744064331055
    vertex -8.183530807495117 -21.786609649658203 4.892744064331055
  endloop
endfacet
facet normal 0.0 0.0 0.0
  outer loop
    vertex -8.183530807495117 -21.786609649658203 4.892744064331055
    vertex -14.642590522766113 -18.05746841430664 4.892744064331055
    vertex -14.900254249572754 -18.39330291748047 4.892744064331055
  endloop
endfacet
facet normal 0.0 0.0 0.0
  outer loop
    vertex -8.183530807495117 -21.786609649658203 4.892744064331055
    vertex -14.900254249572754 -18.39330291748047 4.892744064331055
    vertex -9.62645149230957 -23.667095184326172 4.892744064331055
  endloop
endfacet
facet normal 0.0 0.0 0.0
  outer loop
    vertex -9.62645149230957 -23.667095184326172 4.892744064331055
    vertex -14.900254249572754 -18.39330291748047 4.892744064331055
    vertex -15.236050605773926 -18.650955200195312 4.892744064331055
  endloop
endfacet
facet normal 0.0 0.0 0.0
  outer loop
    vertex -9.62645149230957 -23.667095184326172 4.892744064331055
    vertex -15.236050605773926 -18.650955200195312 4.892744064331055
    vertex -11.50691032409668 -25.110015869140625 4.892744064331055
  endloop
endfacet
facet normal 0.0 0.0 0.0
  outer loop
    vertex -11.50691032409668 -25.110015869140625 4.892744064331055
    vertex -15.236050605773926 -18.650955200195312 4.892744064331055
    vertex -15.627092361450195 -18.812931060791016 4.892744064331055
  endloop
endfacet
facet normal 0.0 0.0 0.0
  outer loop
    vertex -11.50691032409668 -25.110015869140625 4.892744064331055
    vertex -15.627092361450195 -18.812931060791016 4.892744064331055
    vertex -13.696747779846191 -26.017086029052734 4.892744064331055
  endloop
endfacet
facet normal 0.0 0.0 0.0
  outer loop
    vertex -13.696747779846191 -26.017086029052734 4.892744064331055
    vertex -15.627092361450195 -18.812931060791016 4.892744064331055
    vertex -16.046733856201172 -18.868152618408203 4.892744064331055
  endloop
endfacet
facet normal 0.0 0.0 0.0
  outer loop
    vertex -7.276466369628906 -19.596778869628906 -3.214083671569824
    vertex -24.817001342773438 -19.596778869628906 -3.214083671569824
    vertex -6.9670867919921875 -17.246788024902344 -3.214083671569824
  endloop
endfacet
facet normal 0.0 0.0 0.0
  outer loop
    vertex -6.9670867919921875 -17.246788024902344 -3.214083671569824
    vertex -24.817001342773438 -19.596778869628906 -3.214083671569824
    vertex -25.126380920410156 -17.246788024902344 -3.214083671569824
  endloop
endfacet
facet normal 0.0 0.0 0.0
  outer loop
    vertex -6.9670867919921875 -17.246788024902344 -3.214083671569824
    vertex -25.126380920410156 -17.246788024902344 -3.214083671569824
    vertex -7.276466369628906 -14.896836280822754 -3.214083671569824
  endloop
endfacet
facet normal 0.0 0.0 0.0
  outer loop
    vertex -7.276466369628906 -14.896836280822754 -3.214083671569824
    vertex -25.126380920410156 -17.246788024902344 -3.214083671569824
    vertex -24.817001342773438 -14.896836280822754 -3.214083671569824
  endloop
endfacet
facet normal 0.0 0.0 0.0
  outer loop
    vertex -7.276466369628906 -14.896836280822754 -3.214083671569824
    vertex -24.817001342773438 -14.896836280822754 -3.214083671569824
    vertex -8.183530807495117 -12.706963539123535 -3.214083671569824
  endloop
endfacet
facet normal 0.0 0.0 0.0
  outer loop
    vertex -8.183530807495117 -12.706963539123535 -3.214083671569824
    vertex -24.817001342773438 -14.896836280822754 -3.214083671569824
    vertex -23.909940719604492 -12.706963539123535 -3.214083671569824
  endloop
endfacet
facet normal 0.0 0.0 0.0
  outer loop
    vertex -8.183530807495117 -12.706963539123535 -3.214083671569824
    vertex -23.909940719604492 -12.706963539123535 -3.214083671569824
    vertex -9.62645149230957 -10.826519966125488 -3.214083671569824
  endloop
endfacet
facet normal 0.0 0.0 0.0
  outer loop
    vertex -9.62645149230957 -10.826519966125488 -3.214083671569824
    vertex -23.909940719604492 -12.706963539123535 -3.214083671569824
    vertex -22.467010498046875 -10.826519966125488 -3.214083671569824
  endloop
endfacet
facet normal 0.0 0.0 0.0
  outer loop
    vertex -9.62645149230957 -10.826519966125488 -3.214083671569824
    vertex -22.467010498046875 -10.826519966125488 -3.214083671569824
    vertex -11.50691032409668 -9.383599281311035 -3.214083671569824
  endloop
endfacet
facet normal 0.0 0.0 0.0
  outer loop
    vertex -11.50691032409668 -9.383599281311035 -3.214083671569824
    vertex -22.467010498046875 -10.826519966125488 -3.214083671569824
    vertex -20.586557388305664 -9.383599281311035 -3.214083671569824
  endloop
endfacet
facet normal 0.0 0.0 0.0
  outer loop
    vertex -11.50691032409668 -9.383599281311035 -3.214083671569824
    vertex -20.586557388305664 -9.383599281311035 -3.214083671569824
    vertex -13.696747779846191 -8.476529121398926 -3.214083671569824
  endloop
endfacet
facet normal 0.0 0.0 0.0
  outer loop
    vertex -13.696747779846191 -8.476529121398926 -3.214083671569824
    vertex -20.586557388305664 -9.383599281311035 -3.214083671569824
    vertex -18.396718978881836 -8.476529121398926 -3.214083671569824
  endloop
endfacet
facet normal 0.0 0.0 0.0
  outer loop
    vertex -13.696747779846191 -8.476529121398926 -3.214083671569824
    vertex -18.396718978881836 -8.476529121398926 -3.214083671569824
    vertex -16.046733856201172 -8.167140007019043 -3.214083671569824
  endloop
endfacet
facet normal 0.0 0.0 0.0
  outer loop
    vertex -24.817001342773438 -19.596778869628906 -3.214083671569824
    vertex -7.276466369628906 -19.596778869628906 -3.214083671569824
    vertex -23.909940719604492 -21.786609649658203 -3.214083671569824
  endloop
endfacet
facet normal 0.0 0.0 0.0
  outer loop
    vertex -23.909940719604492 -21.786609649658203 -3.214083671569824
    vertex -7.276466369628906 -19.596778869628906 -3.214083671569824
    vertex -8.183530807495117 -21.786609649658203 -3.214083671569824
  endloop
endfacet
facet normal 0.0 0.0 0.0
  outer loop
    vertex -23.909940719604492 -21.786609649658203 -3.214083671569824
    vertex -8.183530807495117 -21.786609649658203 -3.214083671569824
    vertex -22.467010498046875 -23.667095184326172 -3.214083671569824
  endloop
endfacet
facet normal 0.0 0.0 0.0
  outer loop
    vertex -22.467010498046875 -23.667095184326172 -3.214083671569824
    vertex -8.183530807495117 -21.786609649658203 -3.214083671569824
    vertex -9.62645149230957 -23.667095184326172 -3.214083671569824
  endloop
endfacet
facet normal 0.0 0.0 0.0
  outer loop
    vertex -22.467010498046875 -23.667095184326172 -3.214083671569824
    vertex -9.62645149230957 -23.667095184326172 -3.214083671569824
    vertex -20.586557388305664 -25.110015869140625 -3.214083671569824
  endloop
endfacet
facet normal 0.0 0.0 0.0
  outer loop
    vertex -20.586557388305664 -25.110015869140625 -3.214083671569824
    vertex -9.62645149230957 -23.667095184326172 -3.214083671569824
    vertex -11.50691032409668 -25.110015869140625 -3.214083671569824
  endloop
endfacet
facet normal 0.0 0.0 0.0
  outer loop
    vertex -20.586557388305664 -25.110015869140625 -3.214083671569824
    vertex -11.50691032409668 -25.110015869140625 -3.214083671569824
    vertex -18.396718978881836 -26.017086029052734 -3.214083671569824
  endloop
endfacet
facet normal 0.0 0.0 0.0
  outer loop
    vertex -18.396718978881836 -26.017086029052734 -3.214083671569824
    vertex -11.50691032409668 -25.110015869140625 -3.214083671569824
    vertex -13.696747779846191 -26.017086029052734 -3.214083671569824
  endloop
endfacet
facet normal 0.0 0.0 0.0
  outer loop
    vertex -18.396718978881836 -26.017086029052734 -3.214083671569824
    vertex -13.696747779846191 -26.017086029052734 -3.214083671569824
    vertex -16.046733856201172 -26.326435089111328 -3.214083671569824
  endloop
endfacet
facet normal 0.0 0.0 0.0
  outer loop
    vertex -55.841041564941406 -7.492072105407715 0.037050068378448486
    vertex -55.841041564941406 54.11981964111328 0.037050068378448486
    vertex -56.23970413208008 -7.492072105407715 -0.015434443950653076
  endloop
endfacet
facet normal 0.0 0.0 0.0
  outer loop
    vertex -56.23970413208008 -7.492072105407715 -0.015434443950653076
    vertex -55.841041564941406 54.11981964111328 0.037050068378448486
    vertex -56.23970413208008 54.11981964111328 -0.015434443950653076
  endloop
endfacet
facet normal 0.0 0.0 0.0
  outer loop
    vertex -56.23970413208008 -7.492072105407715 -0.015434443950653076
    vertex -56.23970413208008 54.11981964111328 -0.015434443950653076
    vertex -56.61119079589844 -7.492072105407715 -0.16931086778640747
  endloop
endfacet
facet normal 0.0 0.0 0.0
  outer loop
    vertex -56.61119079589844 -7.492072105407715 -0.16931086778640747
    vertex -56.23970413208008 54.11981964111328 -0.015434443950653076
    vertex -56.61119079589844 54.11981964111328 -0.16931086778640747
  endloop
endfacet
facet normal 0.0 0.0 0.0
  outer loop
    vertex -56.61119079589844 -7.492072105407715 -0.16931086778640747
    vertex -56.61119079589844 54.11981964111328 -0.16931086778640747
    vertex -56.930198669433594 -7.492072105407715 -0.4140928387641907
  endloop
endfacet
facet normal 0.0 0.0 0.0
  outer loop
    vertex -56.930198669433594 -7.492072105407715 -0.4140928387641907
    vertex -56.61119079589844 54.11981964111328 -0.16931086778640747
    vertex -56.930198669433594 54.11981964111328 -0.4140928387641907
  endloop
endfacet
facet normal 0.0 0.0 0.0
  outer loop
    vertex -56.930198669433594 -7.492072105407715 -0.4140928387641907
    vertex -56.930198669433594 54.11981964111328 -0.4140928387641907
    vertex -57.17498016357422 -7.492072105407715 -0.7330988049507141
  endloop
endfacet
facet normal 0.0 0.0 0.0
  outer loop
    vertex -57.17498016357422 -7.492072105407715 -0.7330988049507141
    vertex -56.930198669433594 54.11981964111328 -0.4140928387641907
    vertex -57.17498016357422 54.11981964111328 -0.7330988049507141
  endloop
endfacet
facet normal 0.0 0.0 0.0
  outer loop
    vertex -57.17498016357422 -7.492072105407715 -0.7330988049507141
    vertex -57.17498016357422 54.11981964111328 -0.7330988049507141
    vertex -57.328853607177734 -7.492072105407715 -1.1045889854431152
  endloop
endfacet
facet normal 0.0 0.0 0.0
  outer loop
    vertex -57.328853607177734 -7.492072105407715 -1.1045889854431152
    vertex -57.17498016357422 54.11981964111328 -0.7330988049507141
    vertex -57.328853607177734 54.11981964111328 -1.1045889854431152
  endloop
endfacet
facet normal 0.0 0.0 0.0
  outer loop
    vertex -57.328853607177734 -7.492072105407715 -1.1045889854431152
    vertex -57.328853607177734 54.11981964111328 -1.1045889854431152
    vertex -57.38134002685547 -7.492072105407715 -1.5032474994659424
  endloop
endfacet
facet normal 0.0 0.0 0.0
  outer loop
    vertex -57.38134002685547 -7.492072105407715 -1.5032474994659424
    vertex -57.328853607177734 54.11981964111328 -1.1045889854431152
    vertex -57.38134002685547 54.11981964111328 -1.5032474994659424
  endloop
endfacet
facet normal 0.0 0.0 0.0
  outer loop
    vertex -57.38134002685547 -7.492072105407715 -1.5032474994659424
    vertex -57.38134002685547 54.11981964111328 -1.5032474994659424
    vertex -57.328853607177734 -7.492072105407715 -1.9019052982330322
  endloop
endfacet
facet normal 0.0 0.0 0.0
  outer loop
    vertex -57.328853607177734 -7.492072105407715 -1.9019052982330322
    vertex -57.38134002685547 54.11981964111328 -1.5032474994659424
    vertex -57.328853607177734 54.11981964111328 -1.9019052982330322
  endloop
endfacet
facet normal 0.0 0.0 0.0
  outer loop
    vertex -57.328853607177734 -7.492072105407715 -1.9019052982330322
    vertex -57.328853607177734 54.11981964111328 -1.9019052982330322
    vertex -57.17498016357422 -7.492072105407715 -2.2733960151672363
  endloop
endfacet
facet normal 0.0 0.0 0.0
  outer loop
    vertex -57.17498016357422 -7.492072105407715 -2.2733960151672363
    vertex -57.328853607177734 54.11981964111328 -1.9019052982330322
    vertex -57.17498016357422 54.11981964111328 -2.2733960151672363
  endloop
endfacet
facet normal 0.0 0.0 0.0
  outer loop
    vertex -57.17498016357422 -7.492072105407715 -2.2733960151672363
    vertex -57.17498016357422 54.11981964111328 -2.2733960151672363
    vertex -56.930198669433594 -7.492072105407715 -2.5924019813537598
  endloop
endfacet
facet normal 0.0 0.0 0.0
  outer loop
    vertex -56.930198669433594 -7.492072105407715 -2.5924019813537598
    vertex -57.17498016357422 54.11981964111328 -2.2733960151672363
    vertex -56.930198669433594 54.11981964111328 -2.5924019813537598
  endloop
endfacet
facet normal 0.0 0.0 0.0
  outer loop
    vertex -56.930198669433594 -7.492072105407715 -2.5924019813537598
    vertex -56.930198669433594 54.11981964111328 -2.5924019813537598
    vertex -56.61119079589844 -7.492072105407715 -2.837183952331543
  endloop
endfacet
facet normal 0.0 0.0 0.0
  outer loop
    vertex -56.61119079589844 -7.492072105407715 -2.837183952331543
    vertex -56.930198669433594 54.11981964111328 -2.5924019813537598
    vertex -56.61119079589844 54.11981964111328 -2.837183952331543
  endloop
endfacet
facet normal 0.0 0.0 0.0
  outer loop
    vertex -56.61119079589844 -7.492072105407715 -2.837183952331543
    vertex -56.61119079589844 54.11981964111328 -2.837183952331543
    vertex -56.23970413208008 -7.492072105407715 -2.991060495376587
  endloop
endfacet
facet normal 0.0 0.0 0.0
  outer loop
    vertex -56.23970413208008 -7.492072105407715 -2.991060495376587
    vertex -56.61119079589844 54.11981964111328 -2.837183952331543
    vertex -56.23970413208008 54.11981964111328 -2.991060495376587
  endloop
endfacet
facet normal 0.0 0.0 0.0
  outer loop
    vertex -56.23970413208008 -7.492072105407715 -2.991060495376587
    vertex -56.23970413208008 54.11981964111328 -2.991060495376587
    vertex -55.841041564941406 -7.492072105407715 -3.0435447692871094
  endloop
endfacet
facet normal 0.0 0.0 0.0
  outer loop
    vertex -55.841041564941406 -7.492072105407715 -3.0435447692871094
    vertex -56.23970413208008 54.11981964111328 -2.991060495376587
    vertex -55.841041564941406 54.11981964111328 -3.0435447692871094
  endloop
endfacet
facet normal 0.0 0.0 0.0
  outer loop
    vertex -55.841041564941406 -7.492072105407715 -3.0435447692871094
    vertex -55.841041564941406 54.11981964111328 -3.0435447692871094
    vertex -55.4423828125 -7.492072105407715 -2.991060495376587
  endloop
endfacet
facet normal 0.0 0.0 0.0
  outer loop
    vertex -55.4423828125 -7.492072105407715 -2.991060495376587
    vertex -55.841041564941406 54.11981964111328 -3.0435447692871094
    vertex -55.4423828125 54.11981964111328 -2.991060495376587
  endloop
endfacet
facet normal 0.0 0.0 0.0
  outer loop
    vertex -55.4423828125 -7.492072105407715 -2.991060495376587
    vertex -55.4423828125 54.11981964111328 -2.991060495376587
    vertex -55.07089614868164 -7.492072105407715 -2.837183952331543
  endloop
endfacet
facet normal 0.0 0.0 0.0
  outer loop
    vertex -55.07089614868164 -7.492072105407715 -2.837183952331543
    vertex -55.4423828125 54.11981964111328 -2.991060495376587
    vertex -55.07089614868164 54.11981964111328 -2.837183952331543
  endloop
endfacet
facet normal 0.0 0.0 0.0
  outer loop
    vertex -55.07089614868164 -7.492072105407715 -2.837183952331543
    vertex -55.07089614868164 54.11981964111328 -2.837183952331543
    vertex -54.75188446044922 -7.492072105407715 -2.5924019813537598
  endloop
endfacet
facet normal 0.0 0.0 0.0
  outer loop
    vertex -54.75188446044922 -7.492072105407715 -2.5924019813537598
    vertex -55.07089614868164 54.11981964111328 -2.837183952331543
    vertex -54.75188446044922 54.11981964111328 -2.5924019813537598
  endloop
endfacet
facet normal 0.0 0.0 0.0
  outer loop
    vertex -54.75188446044922 -7.492072105407715 -2.5924019813537598
    vertex -54.75188446044922 54.11981964111328 -2.5924019813537598
    vertex -54.50710678100586 -7.492072105407715 -2.2733960151672363
  endloop
endfacet
facet normal 0.0 0.0 0.0
  outer loop
    vertex -54.50710678100586 -7.492072105407715 -2.2733960151672363
    vertex -54.75188446044922 54.11981964111328 -2.5924019813537598
    vertex -54.50710678100586 54.11981964111328 -2.2733960151672363
  endloop
endfacet
facet normal 0.0 0.0 0.0
  outer loop
    vertex -54.50710678100586 -7.492072105407715 -2.2733960151672363
    vertex -54.50710678100586 54.11981964111328 -2.2733960151672363
    vertex -54.35322570800781 -7.492072105407715 -1.9019052982330322
  endloop
endfacet
facet normal 0.0 0.0 0.0
  outer loop
    vertex -54.35322570800781 -7.492072105407715 -1.9019052982330322
    vertex -54.50710678100586 54.11981964111328 -2.2733960151672363
    vertex -54.35322570800781 54.11981964111328 -1.9019052982330322
  endloop
endfacet
facet normal 0.0 0.0 0.0
  outer loop
    vertex -54.35322570800781 -7.492072105407715 -1.9019052982330322
    vertex -54.35322570800781 54.11981964111328 -1.9019052982330322
    vertex -54.30074691772461 -7.492072105407715 -1.5032474994659424
  endloop
endfacet
facet normal 0.0 0.0 0.0
  outer loop
    vertex -54.30074691772461 -7.492072105407715 -1.5032474994659424
    vertex -54.35322570800781 54.11981964111328 -1.9019052982330322
    vertex -54.30074691772461 54.11981964111328 -1.5032474994659424
  endloop
endfacet
facet normal 0.0 0.0 0.0
  outer loop
    vertex -54.30074691772461 -7.492072105407715 -1.5032474994659424
    vertex -54.30074691772461 54.11981964111328 -1.5032474994659424
    vertex -54.35322570800781 -7.492072105407715 -1.1045889854431152
  endloop
endfacet
facet normal 0.0 0.0 0.0
  outer loop
    vertex -54.35322570800781 -7.492072105407715 -1.1045889854431152
    vertex -54.30074691772461 54.11981964111328 -1.5032474994659424
    vertex -54.35322570800781 54.11981964111328 -1.1045889854431152
  endloop
endfacet
facet normal 0.0 0.0 0.0
  outer loop
    vertex -54.35322570800781 -7.492072105407715 -1.1045889854431152
    vertex -54.35322570800781 54.11981964111328 -1.1045889854431152
    vertex -54.50710678100586 -7.492072105407715 -0.7330988049507141
  endloop
endfacet
facet normal 0.0 0.0 0.0
  outer loop
    vertex -54.50710678100586 -7.492072105407715 -0.7330988049507141
    vertex -54.35322570800781 54.11981964111328 -1.1045889854431152
    vertex -54.50710678100586 54.11981964111328 -0.7330988049507141
  endloop
endfacet
facet normal 0.0 0.0 0.0
  outer loop
    vertex -54.50710678100586 -7.492072105407715 -0.7330988049507141
    vertex -54.50710678100586 54.11981964111328 -0.7330988049507141
    vertex -54.75188446044922 -7.492072105407715 -0.4140929579734802
  endloop
endfacet
facet normal 0.0 0.0 0.0
  outer loop
    vertex -54.75188446044922 -7.492072105407715 -0.4140929579734802
    vertex -54.50710678100586 54.11981964111328 -0.7330988049507141
    vertex -54.75188446044922 54.11981964111328 -0.4140929579734802
  endloop
endfacet
facet normal 0.0 0.0 0.0
  outer loop
    vertex -54.75188446044922 -7.492072105407715 -0.4140929579734802
    vertex -54.75188446044922 54.11981964111328 -0.4140929579734802
    vertex -55.07089614868164 -7.492072105407715 -0.16931086778640747
  endloop
endfacet
facet normal 0.0 0.0 0.0
  outer loop
    vertex -55.07089614868164 -7.492072105407715 -0.16931086778640747
    vertex -54.75188446044922 54.11981964111328 -0.4140929579734802
    vertex -55.07089614868164 54.11981964111328 -0.16931086778640747
  endloop
endfacet
facet normal 0.0 0.0 0.0
  outer loop
    vertex -55.07089614868164 -7.492072105407715 -0.16931086778640747
    vertex -55.07089614868164 54.11981964111328 -0.16931086778640747
    vertex -55.4423828125 -7.492072105407715 -0.015434443950653076
  endloop
endfacet
facet normal 0.0 0.0 0.0
  outer loop
    vertex -55.4423828125 -7.492072105407715 -0.015434443950653076
    vertex -55.07089614868164 54.11981964111328 -0.16931086778640747
    vertex -55.4423828125 54.11981964111328 -0.015434443950653076
  endloop
endfacet
facet normal 0.0 0.0 0.0
  outer loop
    vertex -55.4423828125 -7.492072105407715 -0.015434443950653076
    vertex -55.4423828125 54.11981964111328 -0.015434443950653076
    vertex -55.841041564941406 -7.492072105407715 0.037050068378448486
  endloop
endfacet
facet normal 0.0 0.0 0.0
  outer loop
    vertex -55.841041564941406 -7.492072105407715 0.037050068378448486
    vertex -55.4423828125 54.11981964111328 -0.015434443950653076
    vertex -55.841041564941406 54.11981964111328 0.037050068378448486
  endloop
endfacet
facet normal 0.0 0.0 0.0
  outer loop
    vertex -55.841041564941406 -7.492072105407715 0.037050068378448486
    vertex -56.23970413208008 -7.492072105407715 -0.015434443950653076
    vertex -55.4423828125 -7.492072105407715 -0.015434443950653076
  endloop
endfacet
facet normal 0.0 0.0 0.0
  outer loop
    vertex -55.4423828125 -7.492072105407715 -0.015434443950653076
    vertex -56.23970413208008 -7.492072105407715 -0.015434443950653076
    vertex -55.07089614868164 -7.492072105407715 -0.16931086778640747
  endloop
endfacet
facet normal 0.0 0.0 0.0
  outer loop
    vertex -55.07089614868164 -7.492072105407715 -0.16931086778640747
    vertex -56.23970413208008 -7.492072105407715 -0.015434443950653076
    vertex -56.61119079589844 -7.492072105407715 -0.16931086778640747
  endloop
endfacet
facet normal 0.0 0.0 0.0
  outer loop
    vertex -55.07089614868164 -7.492072105407715 -0.16931086778640747
    vertex -56.61119079589844 -7.492072105407715 -0.16931086778640747
    vertex -54.75188446044922 -7.492072105407715 -0.4140929579734802
  endloop
endfacet
facet normal 0.0 0.0 0.0
  outer loop
    vertex -54.75188446044922 -7.492072105407715 -0.4140929579734802
    vertex -56.61119079589844 -7.492072105407715 -0.16931086778640747
    vertex -56.930198669433594 -7.492072105407715 -0.4140928387641907
  endloop
endfacet
facet normal 0.0 0.0 0.0
  outer loop
    vertex -54.75188446044922 -7.492072105407715 -0.4140929579734802
    vertex -56.930198669433594 -7.492072105407715 -0.4140928387641907
    vertex -54.50710678100586 -7.492072105407715 -0.7330988049507141
  endloop
endfacet
facet normal 0.0 0.0 0.0
  outer loop
    vertex -54.50710678100586 -7.492072105407715 -0.7330988049507141
    vertex -56.930198669433594 -7.492072105407715 -0.4140928387641907
    vertex -57.17498016357422 -7.492072105407715 -0.7330988049507141
  endloop
endfacet
facet normal 0.0 0.0 0.0
  outer loop
    vertex -54.50710678100586 -7.492072105407715 -0.7330988049507141
    vertex -57.17498016357422 -7.492072105407715 -0.7330988049507141
    vertex -54.35322570800781 -7.492072105407715 -1.1045889854431152
  endloop
endfacet
facet normal 0.0 0.0 0.0
  outer loop
    vertex -54.35322570800781 -7.492072105407715 -1.1045889854431152
    vertex -57.17498016357422 -7.492072105407715 -0.7330988049507141
    vertex -57.328853607177734 -7.492072105407715 -1.1045889854431152
  endloop
endfacet
facet normal 0.0 0.0 0.0
  outer loop
    vertex -54.35322570800781 -7.492072105407715 -1.1045889854431152
    vertex -57.328853607177734 -7.492072105407715 -1.1045889854431152
    vertex -54.30074691772461 -7.492072105407715 -1.5032474994659424
  endloop
endfacet
facet normal 0.0 0.0 0.0
  outer loop
    vertex -54.30074691772461 -7.492072105407715 -1.5032474994659424
    vertex -57.328853607177734 -7.492072105407715 -1.1045889854431152
    vertex -57.38134002685547 -7.492072105407715 -1.5032474994659424
  endloop
endfacet
facet normal 0.0 0.0 0.0
  outer loop
    vertex -54.30074691772461 -7.492072105407715 -1.5032474994659424
    vertex -57.38134002685547 -7.492072105407715 -1.5032474994659424
    vertex -54.35322570800781 -7.492072105407715 -1.9019052982330322
  endloop
endfacet
facet normal 0.0 0.0 0.0
  outer loop
    vertex -54.35322570800781 -7.492072105407715 -1.9019052982330322
    vertex -57.38134002685547 -7.492072105407715 -1.5032474994659424
    vertex -57.328853607177734 -7.492072105407715 -1.9019052982330322
  endloop
endfacet
facet normal 0.0 0.0 0.0
  outer loop
    vertex -54.35322570800781 -7.492072105407715 -1.9019052982330322
    vertex -57.328853607177734 -7.492072105407715 -1.9019052982330322
    vertex -54.50710678100586 -7.492072105407715 -2.2733960151672363
  endloop
endfacet
facet normal 0.0 0.0 0.0
  outer loop
    vertex -54.50710678100586 -7.492072105407715 -2.2733960151672363
    vertex -57.328853607177734 -7.492072105407715 -1.9019052982330322
    vertex -57.17498016357422 -7.492072105407715 -2.2733960151672363
  endloop
endfacet
facet normal 0.0 0.0 0.0
  outer loop
    vertex -54.50710678100586 -7.492072105407715 -2.2733960151672363
    vertex -57.17498016357422 -7.492072105407715 -2.2733960151672363
    vertex -54.75188446044922 -7.492072105407715 -2.5924019813537598
  endloop
endfacet
facet normal 0.0 0.0 0.0
  outer loop
    vertex -54.75188446044922 -7.492072105407715 -2.5924019813537598
    vertex -57.17498016357422 -7.492072105407715 -2.2733960151672363
    vertex -56.930198669433594 -7.492072105407715 -2.5924019813537598
  endloop
endfacet
facet normal 0.0 0.0 0.0
  outer loop
    vertex -54.75188446044922 -7.492072105407715 -2.5924019813537598
    vertex -56.930198669433594 -7.492072105407715 -2.5924019813537598
    vertex -55.07089614868164 -7.492072105407715 -2.837183952331543
  endloop
endfacet
facet normal 0.0 0.0 0.0
  outer loop
    vertex -55.07089614868164 -7.492072105407715 -2.837183952331543
    vertex -56.930198669433594 -7.492072105407715 -2.5924019813537598
    vertex -56.61119079589844 -7.492072105407715 -2.837183952331543
  endloop
endfacet
facet normal 0.0 0.0 0.0
  outer loop
    vertex -55.07089614868164 -7.492072105407715 -2.837183952331543
    vertex -56.61119079589844 -7.492072105407715 -2.837183952331543
    vertex -55.4423828125 -7.492072105407715 -2.991060495376587
  endloop
endfacet
facet normal 0.0 0.0 0.0
  outer loop
    vertex -55.4423828125 -7.492072105407715 -2.991060495376587
    vertex -56.61119079589844 -7.492072105407715 -2.837183952331543
    vertex -56.23970413208008 -7.492072105407715 -2.991060495376587
  endloop
endfacet
facet normal 0.0 0.0 0.0
  outer loop
    vertex -55.4423828125 -7.492072105407715 -2.991060495376587
    vertex -56.23970413208008 -7.492072105407715 -2.991060495376587
    vertex -55.841041564941406 -7.492072105407715 -3.0435447692871094
  endloop
endfacet
facet normal 0.0 0.0 0.0
  outer loop
    vertex -55.841041564941406 54.11981964111328 0.037050068378448486
    vertex -55.4423828125 54.11981964111328 -0.015434443950653076
    vertex -56.23970413208008 54.11981964111328 -0.015434443950653076
  endloop
endfacet
facet normal 0.0 0.0 0.0
  outer loop
    vertex -56.23970413208008 54.11981964111328 -0.015434443950653076
    vertex -55.4423828125 54.11981964111328 -0.015434443950653076
    vertex -56.61119079589844 54.11981964111328 -0.16931086778640747
  endloop
endfacet
facet normal 0.0 0.0 0.0
  outer loop
    vertex -56.61119079589844 54.11981964111328 -0.16931086778640747
    vertex -55.4423828125 54.11981964111328 -0.015434443950653076
    vertex -55.07089614868164 54.11981964111328 -0.16931086778640747
  endloop
endfacet
facet normal 0.0 0.0 0.0
  outer loop
    vertex -56.61119079589844 54.11981964111328 -0.16931086778640747
    vertex -55.07089614868164 54.11981964111328 -0.16931086778640747
    vertex -56.930198669433594 54.11981964111328 -0.4140928387641907
  endloop
endfacet
facet normal 0.0 0.0 0.0
  outer loop
    vertex -56.930198669433594 54.11981964111328 -0.4140928387641907
    vertex -55.07089614868164 54.11981964111328 -0.16931086778640747
    vertex -54.75188446044922 54.11981964111328 -0.4140929579734802
  endloop
endfacet
facet normal 0.0 0.0 0.0
  outer loop
    vertex -56.930198669433594 54.11981964111328 -0.4140928387641907
    vertex -54.75188446044922 54.11981964111328 -0.4140929579734802
    vertex -57.17498016357422 54.11981964111328 -0.7330988049507141
  endloop
endfacet
facet normal 0.0 0.0 0.0
  outer loop
    vertex -57.17498016357422 54.11981964111328 -0.7330988049507141
    vertex -54.75188446044922 54.11981964111328 -0.4140929579734802
    vertex -54.50710678100586 54.11981964111328 -0.7330988049507141
  endloop
endfacet
facet normal 0.0 0.0 0.0
  outer loop
    vertex -57.17498016357422 54.11981964111328 -0.7330988049507141
    vertex -54.50710678100586 54.11981964111328 -0.7330988049507141
    vertex -57.328853607177734 54.11981964111328 -1.1045889854431152
  endloop
endfacet
facet normal 0.0 0.0 0.0
  outer loop
    vertex -57.328853607177734 54.11981964111328 -1.1045889854431152
    vertex -54.50710678100586 54.11981964111328 -0.7330988049507141
    vertex -54.35322570800781 54.11981964111328 -1.1045889854431152
  endloop
endfacet
facet normal 0.0 0.0 0.0
  outer loop
    vertex -57.328853607177734 54.11981964111328 -1.1045889854431152
    vertex -54.35322570800781 54.11981964111328 -1.1045889854431152
    vertex -57.38134002685547 54.11981964111328 -1.5032474994659424
  endloop
endfacet
facet normal 0.0 0.0 0.0
  outer loop
    vertex -57.38134002685547 54.11981964111328 -1.5032474994659424
    vertex -54.35322570800781 54.11981964111328 -1.1045889854431152
    vertex -54.30074691772461 54.11981964111328 -1.5032474994659424
  endloop
endfacet
facet normal 0.0 0.0 0.0
  outer loop
    vertex -57.38134002685547 54.11981964111328 -1.5032474994659424
    vertex -54.30074691772461 54.11981964111328 -1.5032474994659424
    vertex -57.328853607177734 54.11981964111328 -1.9019052982330322
  endloop
endfacet
facet normal 0.0 0.0 0.0
  outer loop
    vertex -57.328853607177734 54.11981964111328 -1.9019052982330322
    vertex -54.30074691772461 54.11981964111328 -1.5032474994659424
    vertex -54.35322570800781 54.11981964111328 -1.9019052982330322
  endloop
endfacet
facet normal 0.0 0.0 0.0
  outer loop
    vertex -57.328853607177734 54.11981964111328 -1.9019052982330322
    vertex -54.35322570800781 54.11981964111328 -1.9019052982330322
    vertex -57.17498016357422 54.11981964111328 -2.2733960151672363
  endloop
endfacet
facet normal 0.0 0.0 0.0
  outer loop
    vertex -57.17498016357422 54.11981964111328 -2.2733960151672363
    vertex -54.35322570800781 54.11981964111328 -1.9019052982330322
    vertex -54.50710678100586 54.11981964111328 -2.2733960151672363
  endloop
endfacet
facet normal 0.0 0.0 0.0
  outer loop
    vertex -57.17498016357422 54.11981964111328 -2.2733960151672363
    vertex -54.50710678100586 54.11981964111328 -2.2733960151672363
    vertex -56.930198669433594 54.11981964111328 -2.5924019813537598
  endloop
endfacet
facet normal 0.0 0.0 0.0
  outer loop
    vertex -56.930198669433594 54.11981964111328 -2.5924019813537598
    vertex -54.50710678100586 54.11981964111328 -2.2733960151672363
    vertex -54.75188446044922 54.11981964111328 -2.5924019813537598
  endloop
endfacet
facet normal 0.0 0.0 0.0
  outer loop
    vertex -56.930198669433594 54.11981964111328 -2.5924019813537598
    vertex -54.75188446044922 54.11981964111328 -2.5924019813537598
    vertex -56.61119079589844 54.11981964111328 -2.837183952331543
  endloop
endfacet
facet normal 0.0 0.0 0.0
  outer loop
    vertex -56.61119079589844 54.11981964111328 -2.837183952331543
    vertex -54.75188446044922 54.11981964111328 -2.5924019813537598
    vertex -55.07089614868164 54.11981964111328 -2.837183952331543
  endloop
endfacet
facet normal 0.0 0.0 0.0
  outer loop
    vertex -56.61119079589844 54.11981964111328 -2.837183952331543
    vertex -55.07089614868164 54.11981964111328 -2.837183952331543
    vertex -56.23970413208008 54.11981964111328 -2.991060495376587
  endloop
endfacet
facet normal 0.0 0.0 0.0
  outer loop
    vertex -56.23970413208008 54.11981964111328 -2.991060495376587
    vertex -55.07089614868164 54.11981964111328 -2.837183952331543
    vertex -55.4423828125 54.11981964111328 -2.991060495376587
  endloop
endfacet
facet normal 0.0 0.0 0.0
  outer loop
    vertex -56.23970413208008 54.11981964111328 -2.991060495376587
    vertex -55.4423828125 54.11981964111328 -2.991060495376587
    vertex -55.841041564941406 54.11981964111328 -3.0435447692871094
  endloop
endfacet
endsolid Uranium STLWriter Tue 10 Mar 2026 21:20:12
